Analysis & Synthesis report for lab5
Mon Mar 31 17:44:13 2025
Quartus Prime Version 17.1.0 Build 590 10/25/2017 SJ Lite Edition


---------------------
; Table of Contents ;
---------------------
  1. Legal Notice
  2. Analysis & Synthesis Summary
  3. Analysis & Synthesis Settings
  4. Parallel Compilation
  5. Analysis & Synthesis Source Files Read
  6. Analysis & Synthesis Resource Usage Summary
  7. Analysis & Synthesis Resource Utilization by Entity
  8. Analysis & Synthesis RAM Summary
  9. Analysis & Synthesis IP Cores Summary
 10. State Machine - |lab5|control_fsm:the_control_fsm|state
 11. Registers Protected by Synthesis
 12. User-Specified and Inferred Latches
 13. Registers Removed During Synthesis
 14. General Register Statistics
 15. Multiplexer Restructuring Statistics (Restructuring Performed)
 16. Source assignments for datapath:the_datapath
 17. Source assignments for datapath:the_datapath|regfile:the_regfile
 18. Source assignments for datapath:the_datapath|stepper_rom:the_stepper_rom|altsyncram:altsyncram_component|altsyncram_7jg1:auto_generated
 19. Source assignments for datapath:the_datapath|instruction_rom:the_instruction_rom|altsyncram:altsyncram_component|altsyncram_k4h1:auto_generated
 20. Parameter Settings for User Entity Instance: control_fsm:the_control_fsm
 21. Parameter Settings for User Entity Instance: datapath:the_datapath|delay_counter:the_delay_counter
 22. Parameter Settings for User Entity Instance: datapath:the_datapath|stepper_rom:the_stepper_rom|altsyncram:altsyncram_component
 23. Parameter Settings for User Entity Instance: datapath:the_datapath|pc:the_pc
 24. Parameter Settings for User Entity Instance: datapath:the_datapath|instruction_rom:the_instruction_rom|altsyncram:altsyncram_component
 25. altsyncram Parameter Settings by Entity Instance
 26. Post-Synthesis Netlist Statistics for Top Partition
 27. Elapsed Time Per Partition
 28. Analysis & Synthesis Messages
 29. Analysis & Synthesis Suppressed Messages



----------------
; Legal Notice ;
----------------
Copyright (C) 2017  Intel Corporation. All rights reserved.
Your use of Intel Corporation's design tools, logic functions 
and other software and tools, and its AMPP partner logic 
functions, and any output files from any of the foregoing 
(including device programming or simulation files), and any 
associated documentation or information are expressly subject 
to the terms and conditions of the Intel Program License 
Subscription Agreement, the Intel Quartus Prime License Agreement,
the Intel FPGA IP License Agreement, or other applicable license
agreement, including, without limitation, that your use is for
the sole purpose of programming logic devices manufactured by
Intel and sold by Intel or its authorized distributors.  Please
refer to the applicable agreement for further details.



+-------------------------------------------------------------------------------+
; Analysis & Synthesis Summary                                                  ;
+---------------------------------+---------------------------------------------+
; Analysis & Synthesis Status     ; Successful - Mon Mar 31 17:44:13 2025       ;
; Quartus Prime Version           ; 17.1.0 Build 590 10/25/2017 SJ Lite Edition ;
; Revision Name                   ; lab5                                        ;
; Top-level Entity Name           ; lab5                                        ;
; Family                          ; Cyclone V                                   ;
; Logic utilization (in ALMs)     ; N/A                                         ;
; Total registers                 ; 139                                         ;
; Total pins                      ; 16                                          ;
; Total virtual pins              ; 0                                           ;
; Total block memory bits         ; 2,080                                       ;
; Total DSP Blocks                ; 0                                           ;
; Total HSSI RX PCSs              ; 0                                           ;
; Total HSSI PMA RX Deserializers ; 0                                           ;
; Total HSSI TX PCSs              ; 0                                           ;
; Total HSSI PMA TX Serializers   ; 0                                           ;
; Total PLLs                      ; 0                                           ;
; Total DLLs                      ; 0                                           ;
+---------------------------------+---------------------------------------------+


+---------------------------------------------------------------------------------------------------------------------------+
; Analysis & Synthesis Settings                                                                                             ;
+---------------------------------------------------------------------------------+--------------------+--------------------+
; Option                                                                          ; Setting            ; Default Value      ;
+---------------------------------------------------------------------------------+--------------------+--------------------+
; Device                                                                          ; 5CSEMA5F31C6       ;                    ;
; Top-level entity name                                                           ; lab5               ; lab5               ;
; Family name                                                                     ; Cyclone V          ; Cyclone V          ;
; Use smart compilation                                                           ; Off                ; Off                ;
; Enable parallel Assembler and TimeQuest Timing Analyzer during compilation      ; On                 ; On                 ;
; Enable compact report table                                                     ; Off                ; Off                ;
; Restructure Multiplexers                                                        ; Auto               ; Auto               ;
; MLAB Add Timing Constraints For Mixed-Port Feed-Through Mode Setting Don't Care ; Off                ; Off                ;
; Create Debugging Nodes for IP Cores                                             ; Off                ; Off                ;
; Preserve fewer node names                                                       ; On                 ; On                 ;
; Intel FPGA IP Evaluation Mode                                                   ; Enable             ; Enable             ;
; Verilog Version                                                                 ; Verilog_2001       ; Verilog_2001       ;
; VHDL Version                                                                    ; VHDL_1993          ; VHDL_1993          ;
; State Machine Processing                                                        ; Auto               ; Auto               ;
; Safe State Machine                                                              ; Off                ; Off                ;
; Extract Verilog State Machines                                                  ; On                 ; On                 ;
; Extract VHDL State Machines                                                     ; On                 ; On                 ;
; Ignore Verilog initial constructs                                               ; Off                ; Off                ;
; Iteration limit for constant Verilog loops                                      ; 5000               ; 5000               ;
; Iteration limit for non-constant Verilog loops                                  ; 250                ; 250                ;
; Add Pass-Through Logic to Inferred RAMs                                         ; On                 ; On                 ;
; Infer RAMs from Raw Logic                                                       ; On                 ; On                 ;
; Parallel Synthesis                                                              ; On                 ; On                 ;
; DSP Block Balancing                                                             ; Auto               ; Auto               ;
; NOT Gate Push-Back                                                              ; On                 ; On                 ;
; Power-Up Don't Care                                                             ; On                 ; On                 ;
; Remove Redundant Logic Cells                                                    ; Off                ; Off                ;
; Remove Duplicate Registers                                                      ; On                 ; On                 ;
; Ignore CARRY Buffers                                                            ; Off                ; Off                ;
; Ignore CASCADE Buffers                                                          ; Off                ; Off                ;
; Ignore GLOBAL Buffers                                                           ; Off                ; Off                ;
; Ignore ROW GLOBAL Buffers                                                       ; Off                ; Off                ;
; Ignore LCELL Buffers                                                            ; Off                ; Off                ;
; Ignore SOFT Buffers                                                             ; On                 ; On                 ;
; Limit AHDL Integers to 32 Bits                                                  ; Off                ; Off                ;
; Optimization Technique                                                          ; Balanced           ; Balanced           ;
; Carry Chain Length                                                              ; 70                 ; 70                 ;
; Auto Carry Chains                                                               ; On                 ; On                 ;
; Auto Open-Drain Pins                                                            ; On                 ; On                 ;
; Perform WYSIWYG Primitive Resynthesis                                           ; Off                ; Off                ;
; Auto ROM Replacement                                                            ; On                 ; On                 ;
; Auto RAM Replacement                                                            ; On                 ; On                 ;
; Auto DSP Block Replacement                                                      ; On                 ; On                 ;
; Auto Shift Register Replacement                                                 ; Auto               ; Auto               ;
; Allow Shift Register Merging across Hierarchies                                 ; Auto               ; Auto               ;
; Auto Clock Enable Replacement                                                   ; On                 ; On                 ;
; Strict RAM Replacement                                                          ; Off                ; Off                ;
; Allow Synchronous Control Signals                                               ; On                 ; On                 ;
; Force Use of Synchronous Clear Signals                                          ; Off                ; Off                ;
; Auto Resource Sharing                                                           ; Off                ; Off                ;
; Allow Any RAM Size For Recognition                                              ; Off                ; Off                ;
; Allow Any ROM Size For Recognition                                              ; Off                ; Off                ;
; Allow Any Shift Register Size For Recognition                                   ; Off                ; Off                ;
; Use LogicLock Constraints during Resource Balancing                             ; On                 ; On                 ;
; Ignore translate_off and synthesis_off directives                               ; Off                ; Off                ;
; Timing-Driven Synthesis                                                         ; On                 ; On                 ;
; Report Parameter Settings                                                       ; On                 ; On                 ;
; Report Source Assignments                                                       ; On                 ; On                 ;
; Report Connectivity Checks                                                      ; On                 ; On                 ;
; Ignore Maximum Fan-Out Assignments                                              ; Off                ; Off                ;
; Synchronization Register Chain Length                                           ; 3                  ; 3                  ;
; Power Optimization During Synthesis                                             ; Normal compilation ; Normal compilation ;
; HDL message level                                                               ; Level2             ; Level2             ;
; Suppress Register Optimization Related Messages                                 ; Off                ; Off                ;
; Number of Removed Registers Reported in Synthesis Report                        ; 5000               ; 5000               ;
; Number of Swept Nodes Reported in Synthesis Report                              ; 5000               ; 5000               ;
; Number of Inverted Registers Reported in Synthesis Report                       ; 100                ; 100                ;
; Clock MUX Protection                                                            ; On                 ; On                 ;
; Auto Gated Clock Conversion                                                     ; Off                ; Off                ;
; Block Design Naming                                                             ; Auto               ; Auto               ;
; SDC constraint protection                                                       ; Off                ; Off                ;
; Synthesis Effort                                                                ; Auto               ; Auto               ;
; Shift Register Replacement - Allow Asynchronous Clear Signal                    ; On                 ; On                 ;
; Pre-Mapping Resynthesis Optimization                                            ; Off                ; Off                ;
; Analysis & Synthesis Message Level                                              ; Medium             ; Medium             ;
; Disable Register Merging Across Hierarchies                                     ; Auto               ; Auto               ;
; Resource Aware Inference For Block RAM                                          ; On                 ; On                 ;
; Automatic Parallel Synthesis                                                    ; On                 ; On                 ;
; Partial Reconfiguration Bitstream ID                                            ; Off                ; Off                ;
+---------------------------------------------------------------------------------+--------------------+--------------------+


+------------------------------------------+
; Parallel Compilation                     ;
+----------------------------+-------------+
; Processors                 ; Number      ;
+----------------------------+-------------+
; Number detected on machine ; 8           ;
; Maximum allowed            ; 4           ;
;                            ;             ;
; Average used               ; 1.00        ;
; Maximum used               ; 4           ;
;                            ;             ;
; Usage by Processor         ; % Time Used ;
;     Processor 1            ; 100.0%      ;
;     Processor 2            ;   0.0%      ;
;     Processors 3-4         ;   0.0%      ;
+----------------------------+-------------+


+-------------------------------------------------------------------------------------------------------------------------------------------------------------------------------------------------------+
; Analysis & Synthesis Source Files Read                                                                                                                                                                ;
+----------------------------------+-----------------+----------------------------------+-----------------------------------------------------------------------------------------------------+---------+
; File Name with User-Entered Path ; Used in Netlist ; File Type                        ; File Name with Absolute Path                                                                        ; Library ;
+----------------------------------+-----------------+----------------------------------+-----------------------------------------------------------------------------------------------------+---------+
; stepper_rom.mif                  ; yes             ; User Memory Initialization File  ; C:/Users/Avery Zeiler/OneDrive/Desktop/MECHTRON 3TB4/lab5/lab5/lab5_restored/stepper_rom.mif        ;         ;
; instruction_rom.mif              ; yes             ; User Memory Initialization File  ; C:/Users/Avery Zeiler/OneDrive/Desktop/MECHTRON 3TB4/lab5/lab5/lab5_restored/instruction_rom.mif    ;         ;
; write_address_select.v           ; yes             ; User Verilog HDL File            ; C:/Users/Avery Zeiler/OneDrive/Desktop/MECHTRON 3TB4/lab5/lab5/lab5_restored/write_address_select.v ;         ;
; temp_register.v                  ; yes             ; User Verilog HDL File            ; C:/Users/Avery Zeiler/OneDrive/Desktop/MECHTRON 3TB4/lab5/lab5/lab5_restored/temp_register.v        ;         ;
; result_mux.v                     ; yes             ; User Verilog HDL File            ; C:/Users/Avery Zeiler/OneDrive/Desktop/MECHTRON 3TB4/lab5/lab5/lab5_restored/result_mux.v           ;         ;
; regfile.v                        ; yes             ; User Verilog HDL File            ; C:/Users/Avery Zeiler/OneDrive/Desktop/MECHTRON 3TB4/lab5/lab5/lab5_restored/regfile.v              ;         ;
; pc.v                             ; yes             ; User Verilog HDL File            ; C:/Users/Avery Zeiler/OneDrive/Desktop/MECHTRON 3TB4/lab5/lab5/lab5_restored/pc.v                   ;         ;
; op2_mux.v                        ; yes             ; User Verilog HDL File            ; C:/Users/Avery Zeiler/OneDrive/Desktop/MECHTRON 3TB4/lab5/lab5/lab5_restored/op2_mux.v              ;         ;
; op1_mux.v                        ; yes             ; User Verilog HDL File            ; C:/Users/Avery Zeiler/OneDrive/Desktop/MECHTRON 3TB4/lab5/lab5/lab5_restored/op1_mux.v              ;         ;
; lab5.v                           ; yes             ; User Verilog HDL File            ; C:/Users/Avery Zeiler/OneDrive/Desktop/MECHTRON 3TB4/lab5/lab5/lab5_restored/lab5.v                 ;         ;
; immediate_extractor.v            ; yes             ; User Verilog HDL File            ; C:/Users/Avery Zeiler/OneDrive/Desktop/MECHTRON 3TB4/lab5/lab5/lab5_restored/immediate_extractor.v  ;         ;
; delay_counter.v                  ; yes             ; User Verilog HDL File            ; C:/Users/Avery Zeiler/OneDrive/Desktop/MECHTRON 3TB4/lab5/lab5/lab5_restored/delay_counter.v        ;         ;
; decoder.v                        ; yes             ; User Verilog HDL File            ; C:/Users/Avery Zeiler/OneDrive/Desktop/MECHTRON 3TB4/lab5/lab5/lab5_restored/decoder.v              ;         ;
; datapath.v                       ; yes             ; User Verilog HDL File            ; C:/Users/Avery Zeiler/OneDrive/Desktop/MECHTRON 3TB4/lab5/lab5/lab5_restored/datapath.v             ;         ;
; control_fsm.v                    ; yes             ; User Verilog HDL File            ; C:/Users/Avery Zeiler/OneDrive/Desktop/MECHTRON 3TB4/lab5/lab5/lab5_restored/control_fsm.v          ;         ;
; branch_logic.v                   ; yes             ; User Verilog HDL File            ; C:/Users/Avery Zeiler/OneDrive/Desktop/MECHTRON 3TB4/lab5/lab5/lab5_restored/branch_logic.v         ;         ;
; alu.v                            ; yes             ; User Verilog HDL File            ; C:/Users/Avery Zeiler/OneDrive/Desktop/MECHTRON 3TB4/lab5/lab5/lab5_restored/alu.v                  ;         ;
; instruction_rom.v                ; yes             ; User Wizard-Generated File       ; C:/Users/Avery Zeiler/OneDrive/Desktop/MECHTRON 3TB4/lab5/lab5/lab5_restored/instruction_rom.v      ;         ;
; stepper_rom.v                    ; yes             ; User Wizard-Generated File       ; C:/Users/Avery Zeiler/OneDrive/Desktop/MECHTRON 3TB4/lab5/lab5/lab5_restored/stepper_rom.v          ;         ;
; altsyncram.tdf                   ; yes             ; Megafunction                     ; c:/intelfpga_lite/17.1/quartus/libraries/megafunctions/altsyncram.tdf                               ;         ;
; stratix_ram_block.inc            ; yes             ; Megafunction                     ; c:/intelfpga_lite/17.1/quartus/libraries/megafunctions/stratix_ram_block.inc                        ;         ;
; lpm_mux.inc                      ; yes             ; Megafunction                     ; c:/intelfpga_lite/17.1/quartus/libraries/megafunctions/lpm_mux.inc                                  ;         ;
; lpm_decode.inc                   ; yes             ; Megafunction                     ; c:/intelfpga_lite/17.1/quartus/libraries/megafunctions/lpm_decode.inc                               ;         ;
; aglobal171.inc                   ; yes             ; Megafunction                     ; c:/intelfpga_lite/17.1/quartus/libraries/megafunctions/aglobal171.inc                               ;         ;
; a_rdenreg.inc                    ; yes             ; Megafunction                     ; c:/intelfpga_lite/17.1/quartus/libraries/megafunctions/a_rdenreg.inc                                ;         ;
; altrom.inc                       ; yes             ; Megafunction                     ; c:/intelfpga_lite/17.1/quartus/libraries/megafunctions/altrom.inc                                   ;         ;
; altram.inc                       ; yes             ; Megafunction                     ; c:/intelfpga_lite/17.1/quartus/libraries/megafunctions/altram.inc                                   ;         ;
; altdpram.inc                     ; yes             ; Megafunction                     ; c:/intelfpga_lite/17.1/quartus/libraries/megafunctions/altdpram.inc                                 ;         ;
; db/altsyncram_7jg1.tdf           ; yes             ; Auto-Generated Megafunction      ; C:/Users/Avery Zeiler/OneDrive/Desktop/MECHTRON 3TB4/lab5/lab5/lab5_restored/db/altsyncram_7jg1.tdf ;         ;
; db/altsyncram_k4h1.tdf           ; yes             ; Auto-Generated Megafunction      ; C:/Users/Avery Zeiler/OneDrive/Desktop/MECHTRON 3TB4/lab5/lab5/lab5_restored/db/altsyncram_k4h1.tdf ;         ;
+----------------------------------+-----------------+----------------------------------+-----------------------------------------------------------------------------------------------------+---------+


+--------------------------------------------------------------+
; Analysis & Synthesis Resource Usage Summary                  ;
+---------------------------------------------+----------------+
; Resource                                    ; Usage          ;
+---------------------------------------------+----------------+
; Estimate of Logic utilization (ALMs needed) ; 135            ;
;                                             ;                ;
; Combinational ALUT usage for logic          ; 215            ;
;     -- 7 input functions                    ; 2              ;
;     -- 6 input functions                    ; 47             ;
;     -- 5 input functions                    ; 30             ;
;     -- 4 input functions                    ; 34             ;
;     -- <=3 input functions                  ; 102            ;
;                                             ;                ;
; Dedicated logic registers                   ; 139            ;
;                                             ;                ;
; I/O pins                                    ; 16             ;
; Total MLAB memory bits                      ; 0              ;
; Total block memory bits                     ; 2080           ;
;                                             ;                ;
; Total DSP Blocks                            ; 0              ;
;                                             ;                ;
; Maximum fan-out node                        ; CLOCK_50~input ;
; Maximum fan-out                             ; 151            ;
; Total fan-out                               ; 1389           ;
; Average fan-out                             ; 3.49           ;
+---------------------------------------------+----------------+


+---------------------------------------------------------------------------------------------------------------------------------------------------------------------------------------------------------------------------------------------------------------------------------------------------------------------------------------+
; Analysis & Synthesis Resource Utilization by Entity                                                                                                                                                                                                                                                                                   ;
+-------------------------------------------------------+---------------------+---------------------------+-------------------+------------+------+--------------+--------------------------------------------------------------------------------------------------------------------------------+----------------------+--------------+
; Compilation Hierarchy Node                            ; Combinational ALUTs ; Dedicated Logic Registers ; Block Memory Bits ; DSP Blocks ; Pins ; Virtual Pins ; Full Hierarchy Name                                                                                                            ; Entity Name          ; Library Name ;
+-------------------------------------------------------+---------------------+---------------------------+-------------------+------------+------+--------------+--------------------------------------------------------------------------------------------------------------------------------+----------------------+--------------+
; |lab5                                                 ; 215 (0)             ; 139 (0)                   ; 2080              ; 0          ; 16   ; 0            ; |lab5                                                                                                                          ; lab5                 ; work         ;
;    |control_fsm:the_control_fsm|                      ; 47 (47)             ; 19 (19)                   ; 0                 ; 0          ; 0    ; 0            ; |lab5|control_fsm:the_control_fsm                                                                                              ; control_fsm          ; work         ;
;    |datapath:the_datapath|                            ; 168 (24)            ; 120 (0)                   ; 2080              ; 0          ; 0    ; 0            ; |lab5|datapath:the_datapath                                                                                                    ; datapath             ; work         ;
;       |alu:the_alu|                                   ; 20 (20)             ; 0 (0)                     ; 0                 ; 0          ; 0    ; 0            ; |lab5|datapath:the_datapath|alu:the_alu                                                                                        ; alu                  ; work         ;
;       |branch_logic:the_branch_logic|                 ; 1 (1)               ; 0 (0)                     ; 0                 ; 0          ; 0    ; 0            ; |lab5|datapath:the_datapath|branch_logic:the_branch_logic                                                                      ; branch_logic         ; work         ;
;       |decoder:the_decoder|                           ; 3 (3)               ; 0 (0)                     ; 0                 ; 0          ; 0    ; 0            ; |lab5|datapath:the_datapath|decoder:the_decoder                                                                                ; decoder              ; work         ;
;       |delay_counter:the_delay_counter|               ; 46 (46)             ; 29 (29)                   ; 0                 ; 0          ; 0    ; 0            ; |lab5|datapath:the_datapath|delay_counter:the_delay_counter                                                                    ; delay_counter        ; work         ;
;       |instruction_rom:the_instruction_rom|           ; 0 (0)               ; 0 (0)                     ; 2048              ; 0          ; 0    ; 0            ; |lab5|datapath:the_datapath|instruction_rom:the_instruction_rom                                                                ; instruction_rom      ; work         ;
;          |altsyncram:altsyncram_component|            ; 0 (0)               ; 0 (0)                     ; 2048              ; 0          ; 0    ; 0            ; |lab5|datapath:the_datapath|instruction_rom:the_instruction_rom|altsyncram:altsyncram_component                                ; altsyncram           ; work         ;
;             |altsyncram_k4h1:auto_generated|          ; 0 (0)               ; 0 (0)                     ; 2048              ; 0          ; 0    ; 0            ; |lab5|datapath:the_datapath|instruction_rom:the_instruction_rom|altsyncram:altsyncram_component|altsyncram_k4h1:auto_generated ; altsyncram_k4h1      ; work         ;
;       |op1_mux:the_op1_mux|                           ; 8 (8)               ; 0 (0)                     ; 0                 ; 0          ; 0    ; 0            ; |lab5|datapath:the_datapath|op1_mux:the_op1_mux                                                                                ; op1_mux              ; work         ;
;       |op2_mux:the_op2_mux|                           ; 14 (14)             ; 0 (0)                     ; 0                 ; 0          ; 0    ; 0            ; |lab5|datapath:the_datapath|op2_mux:the_op2_mux                                                                                ; op2_mux              ; work         ;
;       |pc:the_pc|                                     ; 9 (9)               ; 8 (8)                     ; 0                 ; 0          ; 0    ; 0            ; |lab5|datapath:the_datapath|pc:the_pc                                                                                          ; pc                   ; work         ;
;       |regfile:the_regfile|                           ; 20 (20)             ; 72 (72)                   ; 0                 ; 0          ; 0    ; 0            ; |lab5|datapath:the_datapath|regfile:the_regfile                                                                                ; regfile              ; work         ;
;       |result_mux:the_result_mux|                     ; 8 (8)               ; 0 (0)                     ; 0                 ; 0          ; 0    ; 0            ; |lab5|datapath:the_datapath|result_mux:the_result_mux                                                                          ; result_mux           ; work         ;
;       |stepper_rom:the_stepper_rom|                   ; 0 (0)               ; 0 (0)                     ; 32                ; 0          ; 0    ; 0            ; |lab5|datapath:the_datapath|stepper_rom:the_stepper_rom                                                                        ; stepper_rom          ; work         ;
;          |altsyncram:altsyncram_component|            ; 0 (0)               ; 0 (0)                     ; 32                ; 0          ; 0    ; 0            ; |lab5|datapath:the_datapath|stepper_rom:the_stepper_rom|altsyncram:altsyncram_component                                        ; altsyncram           ; work         ;
;             |altsyncram_7jg1:auto_generated|          ; 0 (0)               ; 0 (0)                     ; 32                ; 0          ; 0    ; 0            ; |lab5|datapath:the_datapath|stepper_rom:the_stepper_rom|altsyncram:altsyncram_component|altsyncram_7jg1:auto_generated         ; altsyncram_7jg1      ; work         ;
;       |temp_register:the_temp_register|               ; 12 (12)             ; 11 (11)                   ; 0                 ; 0          ; 0    ; 0            ; |lab5|datapath:the_datapath|temp_register:the_temp_register                                                                    ; temp_register        ; work         ;
;       |write_address_select:the_write_address_select| ; 3 (3)               ; 0 (0)                     ; 0                 ; 0          ; 0    ; 0            ; |lab5|datapath:the_datapath|write_address_select:the_write_address_select                                                      ; write_address_select ; work         ;
+-------------------------------------------------------+---------------------+---------------------------+-------------------+------------+------+--------------+--------------------------------------------------------------------------------------------------------------------------------+----------------------+--------------+
Note: For table entries with two numbers listed, the numbers in parentheses indicate the number of resources of the given type used by the specific entity alone. The numbers listed outside of parentheses indicate the total resources of the given type used by the specific entity and all of its sub-entities in the hierarchy.


+--------------------------------------------------------------------------------------------------------------------------------------------------------------------------------------------------------------------------------------------+
; Analysis & Synthesis RAM Summary                                                                                                                                                                                                           ;
+-------------------------------------------------------------------------------------------------------------------------------------+------+------+--------------+--------------+--------------+--------------+------+---------------------+
; Name                                                                                                                                ; Type ; Mode ; Port A Depth ; Port A Width ; Port B Depth ; Port B Width ; Size ; MIF                 ;
+-------------------------------------------------------------------------------------------------------------------------------------+------+------+--------------+--------------+--------------+--------------+------+---------------------+
; datapath:the_datapath|instruction_rom:the_instruction_rom|altsyncram:altsyncram_component|altsyncram_k4h1:auto_generated|ALTSYNCRAM ; AUTO ; ROM  ; 256          ; 8            ; --           ; --           ; 2048 ; instruction_rom.mif ;
; datapath:the_datapath|stepper_rom:the_stepper_rom|altsyncram:altsyncram_component|altsyncram_7jg1:auto_generated|ALTSYNCRAM         ; AUTO ; ROM  ; 8            ; 4            ; --           ; --           ; 32   ; stepper_rom.mif     ;
+-------------------------------------------------------------------------------------------------------------------------------------+------+------+--------------+--------------+--------------+--------------+------+---------------------+


+-----------------------------------------------------------------------------------------------------------------------------------------------------+
; Analysis & Synthesis IP Cores Summary                                                                                                               ;
+--------+--------------+---------+--------------+--------------+-----------------------------------------------------------------+-------------------+
; Vendor ; IP Core Name ; Version ; Release Date ; License Type ; Entity Instance                                                 ; IP Include File   ;
+--------+--------------+---------+--------------+--------------+-----------------------------------------------------------------+-------------------+
; Altera ; ROM: 1-PORT  ; 17.1    ; N/A          ; N/A          ; |lab5|datapath:the_datapath|instruction_rom:the_instruction_rom ; instruction_rom.v ;
; Altera ; ROM: 1-PORT  ; 17.1    ; N/A          ; N/A          ; |lab5|datapath:the_datapath|stepper_rom:the_stepper_rom         ; stepper_rom.v     ;
+--------+--------------+---------+--------------+--------------+-----------------------------------------------------------------+-------------------+


Encoding Type:  One-Hot
+------------------------------------------------------------------------------------------------------------------------------------------------------------------------------------------------------------------------------------------------------------------------------------------------------------------+
; State Machine - |lab5|control_fsm:the_control_fsm|state                                                                                                                                                                                                                                                          ;
+---------------------+-------------------+--------------------+---------------------+------------------+-------------------+-------------+--------------+------------+-----------+-----------+------------+-----------+------------+------------+-----------+----------+--------------+-------------+-------------+
; Name                ; state.PAUSE_DELAY ; state.MOVRHS_DELAY ; state.MOVRHS_STAGE2 ; state.MOVR_DELAY ; state.MOVR_STAGE2 ; state.PAUSE ; state.MOVRHS ; state.MOVR ; state.MOV ; state.CLR ; state.SRH0 ; state.SR0 ; state.SUBI ; state.ADDI ; state.BRZ ; state.BR ; state.DECODE ; state.FETCH ; state.RESET ;
+---------------------+-------------------+--------------------+---------------------+------------------+-------------------+-------------+--------------+------------+-----------+-----------+------------+-----------+------------+------------+-----------+----------+--------------+-------------+-------------+
; state.RESET         ; 0                 ; 0                  ; 0                   ; 0                ; 0                 ; 0           ; 0            ; 0          ; 0         ; 0         ; 0          ; 0         ; 0          ; 0          ; 0         ; 0        ; 0            ; 0           ; 0           ;
; state.FETCH         ; 0                 ; 0                  ; 0                   ; 0                ; 0                 ; 0           ; 0            ; 0          ; 0         ; 0         ; 0          ; 0         ; 0          ; 0          ; 0         ; 0        ; 0            ; 1           ; 1           ;
; state.DECODE        ; 0                 ; 0                  ; 0                   ; 0                ; 0                 ; 0           ; 0            ; 0          ; 0         ; 0         ; 0          ; 0         ; 0          ; 0          ; 0         ; 0        ; 1            ; 0           ; 1           ;
; state.BR            ; 0                 ; 0                  ; 0                   ; 0                ; 0                 ; 0           ; 0            ; 0          ; 0         ; 0         ; 0          ; 0         ; 0          ; 0          ; 0         ; 1        ; 0            ; 0           ; 1           ;
; state.BRZ           ; 0                 ; 0                  ; 0                   ; 0                ; 0                 ; 0           ; 0            ; 0          ; 0         ; 0         ; 0          ; 0         ; 0          ; 0          ; 1         ; 0        ; 0            ; 0           ; 1           ;
; state.ADDI          ; 0                 ; 0                  ; 0                   ; 0                ; 0                 ; 0           ; 0            ; 0          ; 0         ; 0         ; 0          ; 0         ; 0          ; 1          ; 0         ; 0        ; 0            ; 0           ; 1           ;
; state.SUBI          ; 0                 ; 0                  ; 0                   ; 0                ; 0                 ; 0           ; 0            ; 0          ; 0         ; 0         ; 0          ; 0         ; 1          ; 0          ; 0         ; 0        ; 0            ; 0           ; 1           ;
; state.SR0           ; 0                 ; 0                  ; 0                   ; 0                ; 0                 ; 0           ; 0            ; 0          ; 0         ; 0         ; 0          ; 1         ; 0          ; 0          ; 0         ; 0        ; 0            ; 0           ; 1           ;
; state.SRH0          ; 0                 ; 0                  ; 0                   ; 0                ; 0                 ; 0           ; 0            ; 0          ; 0         ; 0         ; 1          ; 0         ; 0          ; 0          ; 0         ; 0        ; 0            ; 0           ; 1           ;
; state.CLR           ; 0                 ; 0                  ; 0                   ; 0                ; 0                 ; 0           ; 0            ; 0          ; 0         ; 1         ; 0          ; 0         ; 0          ; 0          ; 0         ; 0        ; 0            ; 0           ; 1           ;
; state.MOV           ; 0                 ; 0                  ; 0                   ; 0                ; 0                 ; 0           ; 0            ; 0          ; 1         ; 0         ; 0          ; 0         ; 0          ; 0          ; 0         ; 0        ; 0            ; 0           ; 1           ;
; state.MOVR          ; 0                 ; 0                  ; 0                   ; 0                ; 0                 ; 0           ; 0            ; 1          ; 0         ; 0         ; 0          ; 0         ; 0          ; 0          ; 0         ; 0        ; 0            ; 0           ; 1           ;
; state.MOVRHS        ; 0                 ; 0                  ; 0                   ; 0                ; 0                 ; 0           ; 1            ; 0          ; 0         ; 0         ; 0          ; 0         ; 0          ; 0          ; 0         ; 0        ; 0            ; 0           ; 1           ;
; state.PAUSE         ; 0                 ; 0                  ; 0                   ; 0                ; 0                 ; 1           ; 0            ; 0          ; 0         ; 0         ; 0          ; 0         ; 0          ; 0          ; 0         ; 0        ; 0            ; 0           ; 1           ;
; state.MOVR_STAGE2   ; 0                 ; 0                  ; 0                   ; 0                ; 1                 ; 0           ; 0            ; 0          ; 0         ; 0         ; 0          ; 0         ; 0          ; 0          ; 0         ; 0        ; 0            ; 0           ; 1           ;
; state.MOVR_DELAY    ; 0                 ; 0                  ; 0                   ; 1                ; 0                 ; 0           ; 0            ; 0          ; 0         ; 0         ; 0          ; 0         ; 0          ; 0          ; 0         ; 0        ; 0            ; 0           ; 1           ;
; state.MOVRHS_STAGE2 ; 0                 ; 0                  ; 1                   ; 0                ; 0                 ; 0           ; 0            ; 0          ; 0         ; 0         ; 0          ; 0         ; 0          ; 0          ; 0         ; 0        ; 0            ; 0           ; 1           ;
; state.MOVRHS_DELAY  ; 0                 ; 1                  ; 0                   ; 0                ; 0                 ; 0           ; 0            ; 0          ; 0         ; 0         ; 0          ; 0         ; 0          ; 0          ; 0         ; 0        ; 0            ; 0           ; 1           ;
; state.PAUSE_DELAY   ; 1                 ; 0                  ; 0                   ; 0                ; 0                 ; 0           ; 0            ; 0          ; 0         ; 0         ; 0          ; 0         ; 0          ; 0          ; 0         ; 0        ; 0            ; 0           ; 1           ;
+---------------------+-------------------+--------------------+---------------------+------------------+-------------------+-------------+--------------+------------+-----------+-----------+------------+-----------+------------+------------+-----------+----------+--------------+-------------+-------------+


+-------------------------------------------------------------------------------------------------------------------------------------------------------------------+
; Registers Protected by Synthesis                                                                                                                                  ;
+---------------------------------------------------+------------------------------------------------------------------+--------------------------------------------+
; Register Name                                     ; Protected by Synthesis Attribute or Preserve Register Assignment ; Not to be Touched by Netlist Optimizations ;
+---------------------------------------------------+------------------------------------------------------------------+--------------------------------------------+
; datapath:the_datapath|regfile:the_regfile|reg2[0] ; yes                                                              ; yes                                        ;
; datapath:the_datapath|regfile:the_regfile|reg2[1] ; yes                                                              ; yes                                        ;
; datapath:the_datapath|regfile:the_regfile|reg2[2] ; yes                                                              ; yes                                        ;
; datapath:the_datapath|regfile:the_regfile|reg0[0] ; yes                                                              ; yes                                        ;
; datapath:the_datapath|regfile:the_regfile|reg1[0] ; yes                                                              ; yes                                        ;
; datapath:the_datapath|regfile:the_regfile|reg3[0] ; yes                                                              ; yes                                        ;
; datapath:the_datapath|regfile:the_regfile|reg0[1] ; yes                                                              ; yes                                        ;
; datapath:the_datapath|regfile:the_regfile|reg1[1] ; yes                                                              ; yes                                        ;
; datapath:the_datapath|regfile:the_regfile|reg3[1] ; yes                                                              ; yes                                        ;
; datapath:the_datapath|regfile:the_regfile|reg0[2] ; yes                                                              ; yes                                        ;
; datapath:the_datapath|regfile:the_regfile|reg1[2] ; yes                                                              ; yes                                        ;
; datapath:the_datapath|regfile:the_regfile|reg3[2] ; yes                                                              ; yes                                        ;
; datapath:the_datapath|regfile:the_regfile|reg0[3] ; yes                                                              ; yes                                        ;
; datapath:the_datapath|regfile:the_regfile|reg1[3] ; yes                                                              ; yes                                        ;
; datapath:the_datapath|regfile:the_regfile|reg2[3] ; yes                                                              ; yes                                        ;
; datapath:the_datapath|regfile:the_regfile|reg3[3] ; yes                                                              ; yes                                        ;
; datapath:the_datapath|regfile:the_regfile|reg0[4] ; yes                                                              ; yes                                        ;
; datapath:the_datapath|regfile:the_regfile|reg1[4] ; yes                                                              ; yes                                        ;
; datapath:the_datapath|regfile:the_regfile|reg2[4] ; yes                                                              ; yes                                        ;
; datapath:the_datapath|regfile:the_regfile|reg3[4] ; yes                                                              ; yes                                        ;
; datapath:the_datapath|regfile:the_regfile|reg0[5] ; yes                                                              ; yes                                        ;
; datapath:the_datapath|regfile:the_regfile|reg1[5] ; yes                                                              ; yes                                        ;
; datapath:the_datapath|regfile:the_regfile|reg2[5] ; yes                                                              ; yes                                        ;
; datapath:the_datapath|regfile:the_regfile|reg3[5] ; yes                                                              ; yes                                        ;
; datapath:the_datapath|regfile:the_regfile|reg0[6] ; yes                                                              ; yes                                        ;
; datapath:the_datapath|regfile:the_regfile|reg1[6] ; yes                                                              ; yes                                        ;
; datapath:the_datapath|regfile:the_regfile|reg2[6] ; yes                                                              ; yes                                        ;
; datapath:the_datapath|regfile:the_regfile|reg3[6] ; yes                                                              ; yes                                        ;
; datapath:the_datapath|regfile:the_regfile|reg0[7] ; yes                                                              ; yes                                        ;
; datapath:the_datapath|regfile:the_regfile|reg1[7] ; yes                                                              ; yes                                        ;
; datapath:the_datapath|regfile:the_regfile|reg2[7] ; yes                                                              ; yes                                        ;
; datapath:the_datapath|regfile:the_regfile|reg3[7] ; yes                                                              ; yes                                        ;
; Total number of protected registers is 32         ;                                                                  ;                                            ;
+---------------------------------------------------+------------------------------------------------------------------+--------------------------------------------+


+-----------------------------------------------------------------------------------------------------------------------+
; User-Specified and Inferred Latches                                                                                   ;
+-----------------------------------------------------+----------------------------------------+------------------------+
; Latch Name                                          ; Latch Enable Signal                    ; Free of Timing Hazards ;
+-----------------------------------------------------+----------------------------------------+------------------------+
; control_fsm:the_control_fsm|result_mux_select       ; control_fsm:the_control_fsm|Selector7  ; yes                    ;
; control_fsm:the_control_fsm|op1_mux_select[0]       ; control_fsm:the_control_fsm|Selector7  ; yes                    ;
; control_fsm:the_control_fsm|op1_mux_select[1]       ; control_fsm:the_control_fsm|Selector7  ; yes                    ;
; control_fsm:the_control_fsm|op2_mux_select[1]       ; control_fsm:the_control_fsm|Selector7  ; yes                    ;
; control_fsm:the_control_fsm|op2_mux_select[0]       ; control_fsm:the_control_fsm|Selector7  ; yes                    ;
; control_fsm:the_control_fsm|write_reg_file          ; control_fsm:the_control_fsm|Selector7  ; yes                    ;
; control_fsm:the_control_fsm|alu_add_sub             ; control_fsm:the_control_fsm|Selector7  ; yes                    ;
; control_fsm:the_control_fsm|increment_temp_register ; control_fsm:the_control_fsm|Selector13 ; yes                    ;
; control_fsm:the_control_fsm|decrement_temp_register ; control_fsm:the_control_fsm|Selector13 ; yes                    ;
; Number of user-specified and inferred latches = 9   ;                                        ;                        ;
+-----------------------------------------------------+----------------------------------------+------------------------+
Note: All latches listed above may not be present at the end of synthesis due to various synthesis optimizations.


+------------------------------------------------------------+
; Registers Removed During Synthesis                         ;
+---------------------------------------+--------------------+
; Register name                         ; Reason for Removal ;
+---------------------------------------+--------------------+
; control_fsm:the_control_fsm|state~4   ; Lost fanout        ;
; control_fsm:the_control_fsm|state~5   ; Lost fanout        ;
; control_fsm:the_control_fsm|state~6   ; Lost fanout        ;
; control_fsm:the_control_fsm|state~7   ; Lost fanout        ;
; control_fsm:the_control_fsm|state~8   ; Lost fanout        ;
; Total Number of Removed Registers = 5 ;                    ;
+---------------------------------------+--------------------+


+------------------------------------------------------+
; General Register Statistics                          ;
+----------------------------------------------+-------+
; Statistic                                    ; Value ;
+----------------------------------------------+-------+
; Total registers                              ; 139   ;
; Number of registers using Synchronous Clear  ; 76    ;
; Number of registers using Synchronous Load   ; 17    ;
; Number of registers using Asynchronous Clear ; 19    ;
; Number of registers using Asynchronous Load  ; 0     ;
; Number of registers using Clock Enable       ; 75    ;
; Number of registers using Preset             ; 0     ;
+----------------------------------------------+-------+


+----------------------------------------------------------------------------------------------------------------------------------------------------------------------------------------------+
; Multiplexer Restructuring Statistics (Restructuring Performed)                                                                                                                               ;
+--------------------+-----------+---------------+----------------------+------------------------+------------+--------------------------------------------------------------------------------+
; Multiplexer Inputs ; Bus Width ; Baseline Area ; Area if Restructured ; Saving if Restructured ; Registered ; Example Multiplexer Output                                                     ;
+--------------------+-----------+---------------+----------------------+------------------------+------------+--------------------------------------------------------------------------------+
; 4:1                ; 8 bits    ; 16 LEs        ; 16 LEs               ; 0 LEs                  ; Yes        ; |lab5|datapath:the_datapath|regfile:the_regfile|selected1[6]                   ;
; 4:1                ; 8 bits    ; 16 LEs        ; 16 LEs               ; 0 LEs                  ; Yes        ; |lab5|datapath:the_datapath|regfile:the_regfile|selected0[2]                   ;
; 3:1                ; 8 bits    ; 16 LEs        ; 0 LEs                ; 16 LEs                 ; Yes        ; |lab5|datapath:the_datapath|regfile:the_regfile|reg0[6]                        ;
; 3:1                ; 8 bits    ; 16 LEs        ; 0 LEs                ; 16 LEs                 ; Yes        ; |lab5|datapath:the_datapath|regfile:the_regfile|reg1[3]                        ;
; 3:1                ; 8 bits    ; 16 LEs        ; 0 LEs                ; 16 LEs                 ; Yes        ; |lab5|datapath:the_datapath|regfile:the_regfile|reg2[3]                        ;
; 3:1                ; 8 bits    ; 16 LEs        ; 0 LEs                ; 16 LEs                 ; Yes        ; |lab5|datapath:the_datapath|regfile:the_regfile|reg3[5]                        ;
; 4:1                ; 2 bits    ; 4 LEs         ; 4 LEs                ; 0 LEs                  ; Yes        ; |lab5|datapath:the_datapath|temp_register:the_temp_register|pos                ;
; 4:1                ; 7 bits    ; 14 LEs        ; 14 LEs               ; 0 LEs                  ; Yes        ; |lab5|datapath:the_datapath|delay_counter:the_delay_counter|count[5]           ;
; 4:1                ; 8 bits    ; 16 LEs        ; 0 LEs                ; 16 LEs                 ; Yes        ; |lab5|datapath:the_datapath|temp_register:the_temp_register|counter[7]         ;
; 4:1                ; 8 bits    ; 16 LEs        ; 0 LEs                ; 16 LEs                 ; Yes        ; |lab5|datapath:the_datapath|pc:the_pc|pc[0]                                    ;
; 5:1                ; 20 bits   ; 60 LEs        ; 0 LEs                ; 60 LEs                 ; Yes        ; |lab5|datapath:the_datapath|delay_counter:the_delay_counter|timer[2]           ;
; 3:1                ; 8 bits    ; 16 LEs        ; 16 LEs               ; 0 LEs                  ; No         ; |lab5|datapath:the_datapath|alu:the_alu|result[7]                              ;
; 4:1                ; 8 bits    ; 16 LEs        ; 16 LEs               ; 0 LEs                  ; No         ; |lab5|datapath:the_datapath|op1_mux:the_op1_mux|Mux2                           ;
; 3:1                ; 4 bits    ; 8 LEs         ; 8 LEs                ; 0 LEs                  ; No         ; |lab5|datapath:the_datapath|op2_mux:the_op2_mux|Mux0                           ;
; 4:1                ; 2 bits    ; 4 LEs         ; 4 LEs                ; 0 LEs                  ; No         ; |lab5|datapath:the_datapath|write_address_select:the_write_address_select|Mux0 ;
; 7:1                ; 3 bits    ; 12 LEs        ; 12 LEs               ; 0 LEs                  ; No         ; |lab5|datapath:the_datapath|op2_mux:the_op2_mux|Mux7                           ;
+--------------------+-----------+---------------+----------------------+------------------------+------------+--------------------------------------------------------------------------------+


+------------------------------------------------------------+
; Source assignments for datapath:the_datapath               ;
+------------------------------+-------+------+--------------+
; Assignment                   ; Value ; From ; To           ;
+------------------------------+-------+------+--------------+
; IGNORE_LCELL_BUFFERS         ; off   ; -    ; position[7]  ;
; REMOVE_REDUNDANT_LOGIC_CELLS ; off   ; -    ; position[7]  ;
; IGNORE_LCELL_BUFFERS         ; off   ; -    ; position[6]  ;
; REMOVE_REDUNDANT_LOGIC_CELLS ; off   ; -    ; position[6]  ;
; IGNORE_LCELL_BUFFERS         ; off   ; -    ; position[5]  ;
; REMOVE_REDUNDANT_LOGIC_CELLS ; off   ; -    ; position[5]  ;
; IGNORE_LCELL_BUFFERS         ; off   ; -    ; position[4]  ;
; REMOVE_REDUNDANT_LOGIC_CELLS ; off   ; -    ; position[4]  ;
; IGNORE_LCELL_BUFFERS         ; off   ; -    ; position[3]  ;
; REMOVE_REDUNDANT_LOGIC_CELLS ; off   ; -    ; position[3]  ;
; IGNORE_LCELL_BUFFERS         ; off   ; -    ; position[2]  ;
; REMOVE_REDUNDANT_LOGIC_CELLS ; off   ; -    ; position[2]  ;
; IGNORE_LCELL_BUFFERS         ; off   ; -    ; position[1]  ;
; REMOVE_REDUNDANT_LOGIC_CELLS ; off   ; -    ; position[1]  ;
; IGNORE_LCELL_BUFFERS         ; off   ; -    ; position[0]  ;
; REMOVE_REDUNDANT_LOGIC_CELLS ; off   ; -    ; position[0]  ;
; IGNORE_LCELL_BUFFERS         ; off   ; -    ; delay[7]     ;
; REMOVE_REDUNDANT_LOGIC_CELLS ; off   ; -    ; delay[7]     ;
; IGNORE_LCELL_BUFFERS         ; off   ; -    ; delay[6]     ;
; REMOVE_REDUNDANT_LOGIC_CELLS ; off   ; -    ; delay[6]     ;
; IGNORE_LCELL_BUFFERS         ; off   ; -    ; delay[5]     ;
; REMOVE_REDUNDANT_LOGIC_CELLS ; off   ; -    ; delay[5]     ;
; IGNORE_LCELL_BUFFERS         ; off   ; -    ; delay[4]     ;
; REMOVE_REDUNDANT_LOGIC_CELLS ; off   ; -    ; delay[4]     ;
; IGNORE_LCELL_BUFFERS         ; off   ; -    ; delay[3]     ;
; REMOVE_REDUNDANT_LOGIC_CELLS ; off   ; -    ; delay[3]     ;
; IGNORE_LCELL_BUFFERS         ; off   ; -    ; delay[2]     ;
; REMOVE_REDUNDANT_LOGIC_CELLS ; off   ; -    ; delay[2]     ;
; IGNORE_LCELL_BUFFERS         ; off   ; -    ; delay[1]     ;
; REMOVE_REDUNDANT_LOGIC_CELLS ; off   ; -    ; delay[1]     ;
; IGNORE_LCELL_BUFFERS         ; off   ; -    ; delay[0]     ;
; REMOVE_REDUNDANT_LOGIC_CELLS ; off   ; -    ; delay[0]     ;
; IGNORE_LCELL_BUFFERS         ; off   ; -    ; register0[7] ;
; REMOVE_REDUNDANT_LOGIC_CELLS ; off   ; -    ; register0[7] ;
; IGNORE_LCELL_BUFFERS         ; off   ; -    ; register0[6] ;
; REMOVE_REDUNDANT_LOGIC_CELLS ; off   ; -    ; register0[6] ;
; IGNORE_LCELL_BUFFERS         ; off   ; -    ; register0[5] ;
; REMOVE_REDUNDANT_LOGIC_CELLS ; off   ; -    ; register0[5] ;
; IGNORE_LCELL_BUFFERS         ; off   ; -    ; register0[4] ;
; REMOVE_REDUNDANT_LOGIC_CELLS ; off   ; -    ; register0[4] ;
; IGNORE_LCELL_BUFFERS         ; off   ; -    ; register0[3] ;
; REMOVE_REDUNDANT_LOGIC_CELLS ; off   ; -    ; register0[3] ;
; IGNORE_LCELL_BUFFERS         ; off   ; -    ; register0[2] ;
; REMOVE_REDUNDANT_LOGIC_CELLS ; off   ; -    ; register0[2] ;
; IGNORE_LCELL_BUFFERS         ; off   ; -    ; register0[1] ;
; REMOVE_REDUNDANT_LOGIC_CELLS ; off   ; -    ; register0[1] ;
; IGNORE_LCELL_BUFFERS         ; off   ; -    ; register0[0] ;
; REMOVE_REDUNDANT_LOGIC_CELLS ; off   ; -    ; register0[0] ;
+------------------------------+-------+------+--------------+


+------------------------------------------------------------------+
; Source assignments for datapath:the_datapath|regfile:the_regfile ;
+-------------------+-------+------+-------------------------------+
; Assignment        ; Value ; From ; To                            ;
+-------------------+-------+------+-------------------------------+
; PRESERVE_REGISTER ; on    ; -    ; reg3[0]                       ;
; PRESERVE_REGISTER ; on    ; -    ; reg3[1]                       ;
; PRESERVE_REGISTER ; on    ; -    ; reg3[2]                       ;
; PRESERVE_REGISTER ; on    ; -    ; reg3[3]                       ;
; PRESERVE_REGISTER ; on    ; -    ; reg3[4]                       ;
; PRESERVE_REGISTER ; on    ; -    ; reg3[5]                       ;
; PRESERVE_REGISTER ; on    ; -    ; reg3[6]                       ;
; PRESERVE_REGISTER ; on    ; -    ; reg3[7]                       ;
; PRESERVE_REGISTER ; on    ; -    ; reg2[0]                       ;
; PRESERVE_REGISTER ; on    ; -    ; reg2[1]                       ;
; PRESERVE_REGISTER ; on    ; -    ; reg2[2]                       ;
; PRESERVE_REGISTER ; on    ; -    ; reg2[3]                       ;
; PRESERVE_REGISTER ; on    ; -    ; reg2[4]                       ;
; PRESERVE_REGISTER ; on    ; -    ; reg2[5]                       ;
; PRESERVE_REGISTER ; on    ; -    ; reg2[6]                       ;
; PRESERVE_REGISTER ; on    ; -    ; reg2[7]                       ;
; PRESERVE_REGISTER ; on    ; -    ; reg1[0]                       ;
; PRESERVE_REGISTER ; on    ; -    ; reg1[1]                       ;
; PRESERVE_REGISTER ; on    ; -    ; reg1[2]                       ;
; PRESERVE_REGISTER ; on    ; -    ; reg1[3]                       ;
; PRESERVE_REGISTER ; on    ; -    ; reg1[4]                       ;
; PRESERVE_REGISTER ; on    ; -    ; reg1[5]                       ;
; PRESERVE_REGISTER ; on    ; -    ; reg1[6]                       ;
; PRESERVE_REGISTER ; on    ; -    ; reg1[7]                       ;
; PRESERVE_REGISTER ; on    ; -    ; reg0[0]                       ;
; PRESERVE_REGISTER ; on    ; -    ; reg0[1]                       ;
; PRESERVE_REGISTER ; on    ; -    ; reg0[2]                       ;
; PRESERVE_REGISTER ; on    ; -    ; reg0[3]                       ;
; PRESERVE_REGISTER ; on    ; -    ; reg0[4]                       ;
; PRESERVE_REGISTER ; on    ; -    ; reg0[5]                       ;
; PRESERVE_REGISTER ; on    ; -    ; reg0[6]                       ;
; PRESERVE_REGISTER ; on    ; -    ; reg0[7]                       ;
+-------------------+-------+------+-------------------------------+


+-----------------------------------------------------------------------------------------------------------------------------------------+
; Source assignments for datapath:the_datapath|stepper_rom:the_stepper_rom|altsyncram:altsyncram_component|altsyncram_7jg1:auto_generated ;
+---------------------------------+--------------------+------+---------------------------------------------------------------------------+
; Assignment                      ; Value              ; From ; To                                                                        ;
+---------------------------------+--------------------+------+---------------------------------------------------------------------------+
; OPTIMIZE_POWER_DURING_SYNTHESIS ; NORMAL_COMPILATION ; -    ; -                                                                         ;
+---------------------------------+--------------------+------+---------------------------------------------------------------------------+


+-------------------------------------------------------------------------------------------------------------------------------------------------+
; Source assignments for datapath:the_datapath|instruction_rom:the_instruction_rom|altsyncram:altsyncram_component|altsyncram_k4h1:auto_generated ;
+---------------------------------+--------------------+------+-----------------------------------------------------------------------------------+
; Assignment                      ; Value              ; From ; To                                                                                ;
+---------------------------------+--------------------+------+-----------------------------------------------------------------------------------+
; OPTIMIZE_POWER_DURING_SYNTHESIS ; NORMAL_COMPILATION ; -    ; -                                                                                 ;
+---------------------------------+--------------------+------+-----------------------------------------------------------------------------------+


+--------------------------------------------------------------------------+
; Parameter Settings for User Entity Instance: control_fsm:the_control_fsm ;
+----------------+-------+-------------------------------------------------+
; Parameter Name ; Value ; Type                                            ;
+----------------+-------+-------------------------------------------------+
; RESET          ; 00000 ; Unsigned Binary                                 ;
; FETCH          ; 00001 ; Unsigned Binary                                 ;
; DECODE         ; 00010 ; Unsigned Binary                                 ;
; BR             ; 00011 ; Unsigned Binary                                 ;
; BRZ            ; 00100 ; Unsigned Binary                                 ;
; ADDI           ; 00101 ; Unsigned Binary                                 ;
; SUBI           ; 00110 ; Unsigned Binary                                 ;
; SR0            ; 00111 ; Unsigned Binary                                 ;
; SRH0           ; 01000 ; Unsigned Binary                                 ;
; CLR            ; 01001 ; Unsigned Binary                                 ;
; MOV            ; 01010 ; Unsigned Binary                                 ;
; MOVA           ; 01011 ; Unsigned Binary                                 ;
; MOVR           ; 01100 ; Unsigned Binary                                 ;
; MOVRHS         ; 01101 ; Unsigned Binary                                 ;
; PAUSE          ; 01110 ; Unsigned Binary                                 ;
; MOVR_STAGE2    ; 01111 ; Unsigned Binary                                 ;
; MOVR_DELAY     ; 10000 ; Unsigned Binary                                 ;
; MOVRHS_STAGE2  ; 10001 ; Unsigned Binary                                 ;
; MOVRHS_DELAY   ; 10010 ; Unsigned Binary                                 ;
; PAUSE_DELAY    ; 10011 ; Unsigned Binary                                 ;
+----------------+-------+-------------------------------------------------+
Note: In order to hide this table in the UI and the text report file, please set the "Show Parameter Settings in Synthesis Report" option in "Analysis and Synthesis Settings -> More Settings" to "Off".


+----------------------------------------------------------------------------------------------------+
; Parameter Settings for User Entity Instance: datapath:the_datapath|delay_counter:the_delay_counter ;
+----------------+----------------------+------------------------------------------------------------+
; Parameter Name ; Value                ; Type                                                       ;
+----------------+----------------------+------------------------------------------------------------+
; BASIC_PERIOD   ; 01111010000100100000 ; Unsigned Binary                                            ;
+----------------+----------------------+------------------------------------------------------------+
Note: In order to hide this table in the UI and the text report file, please set the "Show Parameter Settings in Synthesis Report" option in "Analysis and Synthesis Settings -> More Settings" to "Off".


+--------------------------------------------------------------------------------------------------------------------------------+
; Parameter Settings for User Entity Instance: datapath:the_datapath|stepper_rom:the_stepper_rom|altsyncram:altsyncram_component ;
+------------------------------------+----------------------+--------------------------------------------------------------------+
; Parameter Name                     ; Value                ; Type                                                               ;
+------------------------------------+----------------------+--------------------------------------------------------------------+
; BYTE_SIZE_BLOCK                    ; 8                    ; Untyped                                                            ;
; AUTO_CARRY_CHAINS                  ; ON                   ; AUTO_CARRY                                                         ;
; IGNORE_CARRY_BUFFERS               ; OFF                  ; IGNORE_CARRY                                                       ;
; AUTO_CASCADE_CHAINS                ; ON                   ; AUTO_CASCADE                                                       ;
; IGNORE_CASCADE_BUFFERS             ; OFF                  ; IGNORE_CASCADE                                                     ;
; WIDTH_BYTEENA                      ; 1                    ; Untyped                                                            ;
; OPERATION_MODE                     ; ROM                  ; Untyped                                                            ;
; WIDTH_A                            ; 4                    ; Signed Integer                                                     ;
; WIDTHAD_A                          ; 3                    ; Signed Integer                                                     ;
; NUMWORDS_A                         ; 8                    ; Signed Integer                                                     ;
; OUTDATA_REG_A                      ; UNREGISTERED         ; Untyped                                                            ;
; ADDRESS_ACLR_A                     ; NONE                 ; Untyped                                                            ;
; OUTDATA_ACLR_A                     ; NONE                 ; Untyped                                                            ;
; WRCONTROL_ACLR_A                   ; NONE                 ; Untyped                                                            ;
; INDATA_ACLR_A                      ; NONE                 ; Untyped                                                            ;
; BYTEENA_ACLR_A                     ; NONE                 ; Untyped                                                            ;
; WIDTH_B                            ; 1                    ; Untyped                                                            ;
; WIDTHAD_B                          ; 1                    ; Untyped                                                            ;
; NUMWORDS_B                         ; 1                    ; Untyped                                                            ;
; INDATA_REG_B                       ; CLOCK1               ; Untyped                                                            ;
; WRCONTROL_WRADDRESS_REG_B          ; CLOCK1               ; Untyped                                                            ;
; RDCONTROL_REG_B                    ; CLOCK1               ; Untyped                                                            ;
; ADDRESS_REG_B                      ; CLOCK1               ; Untyped                                                            ;
; OUTDATA_REG_B                      ; UNREGISTERED         ; Untyped                                                            ;
; BYTEENA_REG_B                      ; CLOCK1               ; Untyped                                                            ;
; INDATA_ACLR_B                      ; NONE                 ; Untyped                                                            ;
; WRCONTROL_ACLR_B                   ; NONE                 ; Untyped                                                            ;
; ADDRESS_ACLR_B                     ; NONE                 ; Untyped                                                            ;
; OUTDATA_ACLR_B                     ; NONE                 ; Untyped                                                            ;
; RDCONTROL_ACLR_B                   ; NONE                 ; Untyped                                                            ;
; BYTEENA_ACLR_B                     ; NONE                 ; Untyped                                                            ;
; WIDTH_BYTEENA_A                    ; 1                    ; Signed Integer                                                     ;
; WIDTH_BYTEENA_B                    ; 1                    ; Untyped                                                            ;
; RAM_BLOCK_TYPE                     ; AUTO                 ; Untyped                                                            ;
; BYTE_SIZE                          ; 8                    ; Untyped                                                            ;
; READ_DURING_WRITE_MODE_MIXED_PORTS ; DONT_CARE            ; Untyped                                                            ;
; READ_DURING_WRITE_MODE_PORT_A      ; NEW_DATA_NO_NBE_READ ; Untyped                                                            ;
; READ_DURING_WRITE_MODE_PORT_B      ; NEW_DATA_NO_NBE_READ ; Untyped                                                            ;
; INIT_FILE                          ; stepper_rom.mif      ; Untyped                                                            ;
; INIT_FILE_LAYOUT                   ; PORT_A               ; Untyped                                                            ;
; MAXIMUM_DEPTH                      ; 0                    ; Untyped                                                            ;
; CLOCK_ENABLE_INPUT_A               ; BYPASS               ; Untyped                                                            ;
; CLOCK_ENABLE_INPUT_B               ; NORMAL               ; Untyped                                                            ;
; CLOCK_ENABLE_OUTPUT_A              ; BYPASS               ; Untyped                                                            ;
; CLOCK_ENABLE_OUTPUT_B              ; NORMAL               ; Untyped                                                            ;
; CLOCK_ENABLE_CORE_A                ; USE_INPUT_CLKEN      ; Untyped                                                            ;
; CLOCK_ENABLE_CORE_B                ; USE_INPUT_CLKEN      ; Untyped                                                            ;
; ENABLE_ECC                         ; FALSE                ; Untyped                                                            ;
; ECC_PIPELINE_STAGE_ENABLED         ; FALSE                ; Untyped                                                            ;
; WIDTH_ECCSTATUS                    ; 3                    ; Untyped                                                            ;
; DEVICE_FAMILY                      ; Cyclone V            ; Untyped                                                            ;
; CBXI_PARAMETER                     ; altsyncram_7jg1      ; Untyped                                                            ;
+------------------------------------+----------------------+--------------------------------------------------------------------+
Note: In order to hide this table in the UI and the text report file, please set the "Show Parameter Settings in Synthesis Report" option in "Analysis and Synthesis Settings -> More Settings" to "Off".


+------------------------------------------------------------------------------+
; Parameter Settings for User Entity Instance: datapath:the_datapath|pc:the_pc ;
+----------------+----------+--------------------------------------------------+
; Parameter Name ; Value    ; Type                                             ;
+----------------+----------+--------------------------------------------------+
; RESET_LOCATION ; 00000000 ; Unsigned Binary                                  ;
+----------------+----------+--------------------------------------------------+
Note: In order to hide this table in the UI and the text report file, please set the "Show Parameter Settings in Synthesis Report" option in "Analysis and Synthesis Settings -> More Settings" to "Off".


+----------------------------------------------------------------------------------------------------------------------------------------+
; Parameter Settings for User Entity Instance: datapath:the_datapath|instruction_rom:the_instruction_rom|altsyncram:altsyncram_component ;
+------------------------------------+----------------------+----------------------------------------------------------------------------+
; Parameter Name                     ; Value                ; Type                                                                       ;
+------------------------------------+----------------------+----------------------------------------------------------------------------+
; BYTE_SIZE_BLOCK                    ; 8                    ; Untyped                                                                    ;
; AUTO_CARRY_CHAINS                  ; ON                   ; AUTO_CARRY                                                                 ;
; IGNORE_CARRY_BUFFERS               ; OFF                  ; IGNORE_CARRY                                                               ;
; AUTO_CASCADE_CHAINS                ; ON                   ; AUTO_CASCADE                                                               ;
; IGNORE_CASCADE_BUFFERS             ; OFF                  ; IGNORE_CASCADE                                                             ;
; WIDTH_BYTEENA                      ; 1                    ; Untyped                                                                    ;
; OPERATION_MODE                     ; ROM                  ; Untyped                                                                    ;
; WIDTH_A                            ; 8                    ; Signed Integer                                                             ;
; WIDTHAD_A                          ; 8                    ; Signed Integer                                                             ;
; NUMWORDS_A                         ; 256                  ; Signed Integer                                                             ;
; OUTDATA_REG_A                      ; UNREGISTERED         ; Untyped                                                                    ;
; ADDRESS_ACLR_A                     ; NONE                 ; Untyped                                                                    ;
; OUTDATA_ACLR_A                     ; NONE                 ; Untyped                                                                    ;
; WRCONTROL_ACLR_A                   ; NONE                 ; Untyped                                                                    ;
; INDATA_ACLR_A                      ; NONE                 ; Untyped                                                                    ;
; BYTEENA_ACLR_A                     ; NONE                 ; Untyped                                                                    ;
; WIDTH_B                            ; 1                    ; Untyped                                                                    ;
; WIDTHAD_B                          ; 1                    ; Untyped                                                                    ;
; NUMWORDS_B                         ; 1                    ; Untyped                                                                    ;
; INDATA_REG_B                       ; CLOCK1               ; Untyped                                                                    ;
; WRCONTROL_WRADDRESS_REG_B          ; CLOCK1               ; Untyped                                                                    ;
; RDCONTROL_REG_B                    ; CLOCK1               ; Untyped                                                                    ;
; ADDRESS_REG_B                      ; CLOCK1               ; Untyped                                                                    ;
; OUTDATA_REG_B                      ; UNREGISTERED         ; Untyped                                                                    ;
; BYTEENA_REG_B                      ; CLOCK1               ; Untyped                                                                    ;
; INDATA_ACLR_B                      ; NONE                 ; Untyped                                                                    ;
; WRCONTROL_ACLR_B                   ; NONE                 ; Untyped                                                                    ;
; ADDRESS_ACLR_B                     ; NONE                 ; Untyped                                                                    ;
; OUTDATA_ACLR_B                     ; NONE                 ; Untyped                                                                    ;
; RDCONTROL_ACLR_B                   ; NONE                 ; Untyped                                                                    ;
; BYTEENA_ACLR_B                     ; NONE                 ; Untyped                                                                    ;
; WIDTH_BYTEENA_A                    ; 1                    ; Signed Integer                                                             ;
; WIDTH_BYTEENA_B                    ; 1                    ; Untyped                                                                    ;
; RAM_BLOCK_TYPE                     ; AUTO                 ; Untyped                                                                    ;
; BYTE_SIZE                          ; 8                    ; Untyped                                                                    ;
; READ_DURING_WRITE_MODE_MIXED_PORTS ; DONT_CARE            ; Untyped                                                                    ;
; READ_DURING_WRITE_MODE_PORT_A      ; NEW_DATA_NO_NBE_READ ; Untyped                                                                    ;
; READ_DURING_WRITE_MODE_PORT_B      ; NEW_DATA_NO_NBE_READ ; Untyped                                                                    ;
; INIT_FILE                          ; instruction_rom.mif  ; Untyped                                                                    ;
; INIT_FILE_LAYOUT                   ; PORT_A               ; Untyped                                                                    ;
; MAXIMUM_DEPTH                      ; 0                    ; Untyped                                                                    ;
; CLOCK_ENABLE_INPUT_A               ; BYPASS               ; Untyped                                                                    ;
; CLOCK_ENABLE_INPUT_B               ; NORMAL               ; Untyped                                                                    ;
; CLOCK_ENABLE_OUTPUT_A              ; BYPASS               ; Untyped                                                                    ;
; CLOCK_ENABLE_OUTPUT_B              ; NORMAL               ; Untyped                                                                    ;
; CLOCK_ENABLE_CORE_A                ; USE_INPUT_CLKEN      ; Untyped                                                                    ;
; CLOCK_ENABLE_CORE_B                ; USE_INPUT_CLKEN      ; Untyped                                                                    ;
; ENABLE_ECC                         ; FALSE                ; Untyped                                                                    ;
; ECC_PIPELINE_STAGE_ENABLED         ; FALSE                ; Untyped                                                                    ;
; WIDTH_ECCSTATUS                    ; 3                    ; Untyped                                                                    ;
; DEVICE_FAMILY                      ; Cyclone V            ; Untyped                                                                    ;
; CBXI_PARAMETER                     ; altsyncram_k4h1      ; Untyped                                                                    ;
+------------------------------------+----------------------+----------------------------------------------------------------------------+
Note: In order to hide this table in the UI and the text report file, please set the "Show Parameter Settings in Synthesis Report" option in "Analysis and Synthesis Settings -> More Settings" to "Off".


+---------------------------------------------------------------------------------------------------------------------------------------+
; altsyncram Parameter Settings by Entity Instance                                                                                      ;
+-------------------------------------------+-------------------------------------------------------------------------------------------+
; Name                                      ; Value                                                                                     ;
+-------------------------------------------+-------------------------------------------------------------------------------------------+
; Number of entity instances                ; 2                                                                                         ;
; Entity Instance                           ; datapath:the_datapath|stepper_rom:the_stepper_rom|altsyncram:altsyncram_component         ;
;     -- OPERATION_MODE                     ; ROM                                                                                       ;
;     -- WIDTH_A                            ; 4                                                                                         ;
;     -- NUMWORDS_A                         ; 8                                                                                         ;
;     -- OUTDATA_REG_A                      ; UNREGISTERED                                                                              ;
;     -- WIDTH_B                            ; 1                                                                                         ;
;     -- NUMWORDS_B                         ; 1                                                                                         ;
;     -- ADDRESS_REG_B                      ; CLOCK1                                                                                    ;
;     -- OUTDATA_REG_B                      ; UNREGISTERED                                                                              ;
;     -- RAM_BLOCK_TYPE                     ; AUTO                                                                                      ;
;     -- READ_DURING_WRITE_MODE_MIXED_PORTS ; DONT_CARE                                                                                 ;
; Entity Instance                           ; datapath:the_datapath|instruction_rom:the_instruction_rom|altsyncram:altsyncram_component ;
;     -- OPERATION_MODE                     ; ROM                                                                                       ;
;     -- WIDTH_A                            ; 8                                                                                         ;
;     -- NUMWORDS_A                         ; 256                                                                                       ;
;     -- OUTDATA_REG_A                      ; UNREGISTERED                                                                              ;
;     -- WIDTH_B                            ; 1                                                                                         ;
;     -- NUMWORDS_B                         ; 1                                                                                         ;
;     -- ADDRESS_REG_B                      ; CLOCK1                                                                                    ;
;     -- OUTDATA_REG_B                      ; UNREGISTERED                                                                              ;
;     -- RAM_BLOCK_TYPE                     ; AUTO                                                                                      ;
;     -- READ_DURING_WRITE_MODE_MIXED_PORTS ; DONT_CARE                                                                                 ;
+-------------------------------------------+-------------------------------------------------------------------------------------------+


+-----------------------------------------------------+
; Post-Synthesis Netlist Statistics for Top Partition ;
+-----------------------+-----------------------------+
; Type                  ; Count                       ;
+-----------------------+-----------------------------+
; arriav_ff             ; 139                         ;
;     CLR               ; 19                          ;
;     ENA SCLR          ; 59                          ;
;     ENA SCLR SLD      ; 16                          ;
;     SCLR              ; 1                           ;
;     SLD               ; 1                           ;
;     plain             ; 43                          ;
; arriav_lcell_comb     ; 216                         ;
;     arith             ; 53                          ;
;         1 data inputs ; 38                          ;
;         2 data inputs ; 7                           ;
;         3 data inputs ; 3                           ;
;         4 data inputs ; 5                           ;
;     extend            ; 2                           ;
;         7 data inputs ; 2                           ;
;     normal            ; 161                         ;
;         0 data inputs ; 1                           ;
;         1 data inputs ; 24                          ;
;         2 data inputs ; 8                           ;
;         3 data inputs ; 22                          ;
;         4 data inputs ; 29                          ;
;         5 data inputs ; 30                          ;
;         6 data inputs ; 47                          ;
; boundary_port         ; 16                          ;
; stratixv_ram_block    ; 12                          ;
;                       ;                             ;
; Max LUT depth         ; 5.70                        ;
; Average LUT depth     ; 2.77                        ;
+-----------------------+-----------------------------+


+-------------------------------+
; Elapsed Time Per Partition    ;
+----------------+--------------+
; Partition Name ; Elapsed Time ;
+----------------+--------------+
; Top            ; 00:00:00     ;
+----------------+--------------+


+-------------------------------+
; Analysis & Synthesis Messages ;
+-------------------------------+
Info: *******************************************************************
Info: Running Quartus Prime Analysis & Synthesis
    Info: Version 17.1.0 Build 590 10/25/2017 SJ Lite Edition
    Info: Processing started: Mon Mar 31 17:43:59 2025
Info: Command: quartus_map --read_settings_files=on --write_settings_files=off lab5 -c lab5
Warning (18236): Number of processors has not been specified which may cause overloading on shared machines.  Set the global assignment NUM_PARALLEL_PROCESSORS in your QSF to an appropriate value for best performance.
Info (20030): Parallel compilation is enabled and will use 4 of the 4 processors detected
Info (12021): Found 1 design units, including 1 entities, in source file write_address_select.v
    Info (12023): Found entity 1: write_address_select File: C:/Users/Avery Zeiler/OneDrive/Desktop/MECHTRON 3TB4/lab5/lab5/lab5_restored/write_address_select.v Line: 1
Info (12021): Found 1 design units, including 1 entities, in source file temp_register.v
    Info (12023): Found entity 1: temp_register File: C:/Users/Avery Zeiler/OneDrive/Desktop/MECHTRON 3TB4/lab5/lab5/lab5_restored/temp_register.v Line: 1
Info (12021): Found 1 design units, including 1 entities, in source file result_mux.v
    Info (12023): Found entity 1: result_mux File: C:/Users/Avery Zeiler/OneDrive/Desktop/MECHTRON 3TB4/lab5/lab5/lab5_restored/result_mux.v Line: 1
Info (12021): Found 1 design units, including 1 entities, in source file regfile.v
    Info (12023): Found entity 1: regfile File: C:/Users/Avery Zeiler/OneDrive/Desktop/MECHTRON 3TB4/lab5/lab5/lab5_restored/regfile.v Line: 3
Info (12021): Found 1 design units, including 1 entities, in source file pc.v
    Info (12023): Found entity 1: pc File: C:/Users/Avery Zeiler/OneDrive/Desktop/MECHTRON 3TB4/lab5/lab5/lab5_restored/pc.v Line: 1
Info (12021): Found 1 design units, including 1 entities, in source file op2_mux.v
    Info (12023): Found entity 1: op2_mux File: C:/Users/Avery Zeiler/OneDrive/Desktop/MECHTRON 3TB4/lab5/lab5/lab5_restored/op2_mux.v Line: 1
Info (12021): Found 1 design units, including 1 entities, in source file op1_mux.v
    Info (12023): Found entity 1: op1_mux File: C:/Users/Avery Zeiler/OneDrive/Desktop/MECHTRON 3TB4/lab5/lab5/lab5_restored/op1_mux.v Line: 1
Info (12021): Found 1 design units, including 1 entities, in source file lab5.v
    Info (12023): Found entity 1: lab5 File: C:/Users/Avery Zeiler/OneDrive/Desktop/MECHTRON 3TB4/lab5/lab5/lab5_restored/lab5.v Line: 2
Info (12021): Found 1 design units, including 1 entities, in source file immediate_extractor.v
    Info (12023): Found entity 1: immediate_extractor File: C:/Users/Avery Zeiler/OneDrive/Desktop/MECHTRON 3TB4/lab5/lab5/lab5_restored/immediate_extractor.v Line: 1
Info (12021): Found 1 design units, including 1 entities, in source file delay_counter.v
    Info (12023): Found entity 1: delay_counter File: C:/Users/Avery Zeiler/OneDrive/Desktop/MECHTRON 3TB4/lab5/lab5/lab5_restored/delay_counter.v Line: 1
Info (12021): Found 1 design units, including 1 entities, in source file decoder.v
    Info (12023): Found entity 1: decoder File: C:/Users/Avery Zeiler/OneDrive/Desktop/MECHTRON 3TB4/lab5/lab5/lab5_restored/decoder.v Line: 1
Info (12021): Found 1 design units, including 1 entities, in source file datapath.v
    Info (12023): Found entity 1: datapath File: C:/Users/Avery Zeiler/OneDrive/Desktop/MECHTRON 3TB4/lab5/lab5/lab5_restored/datapath.v Line: 1
Info (12021): Found 1 design units, including 1 entities, in source file control_fsm.v
    Info (12023): Found entity 1: control_fsm File: C:/Users/Avery Zeiler/OneDrive/Desktop/MECHTRON 3TB4/lab5/lab5/lab5_restored/control_fsm.v Line: 1
Info (12021): Found 1 design units, including 1 entities, in source file branch_logic.v
    Info (12023): Found entity 1: branch_logic File: C:/Users/Avery Zeiler/OneDrive/Desktop/MECHTRON 3TB4/lab5/lab5/lab5_restored/branch_logic.v Line: 1
Info (12021): Found 1 design units, including 1 entities, in source file alu.v
    Info (12023): Found entity 1: alu File: C:/Users/Avery Zeiler/OneDrive/Desktop/MECHTRON 3TB4/lab5/lab5/lab5_restored/alu.v Line: 1
Info (12021): Found 1 design units, including 1 entities, in source file instruction_rom.v
    Info (12023): Found entity 1: instruction_rom File: C:/Users/Avery Zeiler/OneDrive/Desktop/MECHTRON 3TB4/lab5/lab5/lab5_restored/instruction_rom.v Line: 39
Info (12021): Found 1 design units, including 1 entities, in source file stepper_rom.v
    Info (12023): Found entity 1: stepper_rom File: C:/Users/Avery Zeiler/OneDrive/Desktop/MECHTRON 3TB4/lab5/lab5/lab5_restored/stepper_rom.v Line: 39
Info (12127): Elaborating entity "lab5" for the top level hierarchy
Warning (10034): Output port "LEDR[9..4]" at lab5.v(2) has no driver File: C:/Users/Avery Zeiler/OneDrive/Desktop/MECHTRON 3TB4/lab5/lab5/lab5_restored/lab5.v Line: 2
Info (12128): Elaborating entity "control_fsm" for hierarchy "control_fsm:the_control_fsm" File: C:/Users/Avery Zeiler/OneDrive/Desktop/MECHTRON 3TB4/lab5/lab5/lab5_restored/lab5.v Line: 73
Warning (10235): Verilog HDL Always Construct warning at control_fsm.v(169): variable "register0_is_zero" is read inside the Always Construct but isn't in the Always Construct's Event Control File: C:/Users/Avery Zeiler/OneDrive/Desktop/MECHTRON 3TB4/lab5/lab5/lab5_restored/control_fsm.v Line: 169
Warning (10235): Verilog HDL Always Construct warning at control_fsm.v(317): variable "temp_is_zero" is read inside the Always Construct but isn't in the Always Construct's Event Control File: C:/Users/Avery Zeiler/OneDrive/Desktop/MECHTRON 3TB4/lab5/lab5/lab5_restored/control_fsm.v Line: 317
Warning (10235): Verilog HDL Always Construct warning at control_fsm.v(332): variable "temp_is_positive" is read inside the Always Construct but isn't in the Always Construct's Event Control File: C:/Users/Avery Zeiler/OneDrive/Desktop/MECHTRON 3TB4/lab5/lab5/lab5_restored/control_fsm.v Line: 332
Warning (10235): Verilog HDL Always Construct warning at control_fsm.v(340): variable "temp_is_negative" is read inside the Always Construct but isn't in the Always Construct's Event Control File: C:/Users/Avery Zeiler/OneDrive/Desktop/MECHTRON 3TB4/lab5/lab5/lab5_restored/control_fsm.v Line: 340
Warning (10235): Verilog HDL Always Construct warning at control_fsm.v(394): variable "temp_is_zero" is read inside the Always Construct but isn't in the Always Construct's Event Control File: C:/Users/Avery Zeiler/OneDrive/Desktop/MECHTRON 3TB4/lab5/lab5/lab5_restored/control_fsm.v Line: 394
Warning (10235): Verilog HDL Always Construct warning at control_fsm.v(409): variable "temp_is_positive" is read inside the Always Construct but isn't in the Always Construct's Event Control File: C:/Users/Avery Zeiler/OneDrive/Desktop/MECHTRON 3TB4/lab5/lab5/lab5_restored/control_fsm.v Line: 409
Warning (10235): Verilog HDL Always Construct warning at control_fsm.v(417): variable "temp_is_negative" is read inside the Always Construct but isn't in the Always Construct's Event Control File: C:/Users/Avery Zeiler/OneDrive/Desktop/MECHTRON 3TB4/lab5/lab5/lab5_restored/control_fsm.v Line: 417
Warning (10235): Verilog HDL Always Construct warning at control_fsm.v(472): variable "delay_done" is read inside the Always Construct but isn't in the Always Construct's Event Control File: C:/Users/Avery Zeiler/OneDrive/Desktop/MECHTRON 3TB4/lab5/lab5/lab5_restored/control_fsm.v Line: 472
Warning (10240): Verilog HDL Always Construct warning at control_fsm.v(91): inferring latch(es) for variable "write_reg_file", which holds its previous value in one or more paths through the always construct File: C:/Users/Avery Zeiler/OneDrive/Desktop/MECHTRON 3TB4/lab5/lab5/lab5_restored/control_fsm.v Line: 91
Warning (10240): Verilog HDL Always Construct warning at control_fsm.v(91): inferring latch(es) for variable "result_mux_select", which holds its previous value in one or more paths through the always construct File: C:/Users/Avery Zeiler/OneDrive/Desktop/MECHTRON 3TB4/lab5/lab5/lab5_restored/control_fsm.v Line: 91
Warning (10240): Verilog HDL Always Construct warning at control_fsm.v(91): inferring latch(es) for variable "op1_mux_select", which holds its previous value in one or more paths through the always construct File: C:/Users/Avery Zeiler/OneDrive/Desktop/MECHTRON 3TB4/lab5/lab5/lab5_restored/control_fsm.v Line: 91
Warning (10240): Verilog HDL Always Construct warning at control_fsm.v(91): inferring latch(es) for variable "op2_mux_select", which holds its previous value in one or more paths through the always construct File: C:/Users/Avery Zeiler/OneDrive/Desktop/MECHTRON 3TB4/lab5/lab5/lab5_restored/control_fsm.v Line: 91
Warning (10240): Verilog HDL Always Construct warning at control_fsm.v(91): inferring latch(es) for variable "alu_add_sub", which holds its previous value in one or more paths through the always construct File: C:/Users/Avery Zeiler/OneDrive/Desktop/MECHTRON 3TB4/lab5/lab5/lab5_restored/control_fsm.v Line: 91
Warning (10240): Verilog HDL Always Construct warning at control_fsm.v(91): inferring latch(es) for variable "increment_temp_register", which holds its previous value in one or more paths through the always construct File: C:/Users/Avery Zeiler/OneDrive/Desktop/MECHTRON 3TB4/lab5/lab5/lab5_restored/control_fsm.v Line: 91
Warning (10240): Verilog HDL Always Construct warning at control_fsm.v(91): inferring latch(es) for variable "decrement_temp_register", which holds its previous value in one or more paths through the always construct File: C:/Users/Avery Zeiler/OneDrive/Desktop/MECHTRON 3TB4/lab5/lab5/lab5_restored/control_fsm.v Line: 91
Info (10041): Inferred latch for "decrement_temp_register" at control_fsm.v(91) File: C:/Users/Avery Zeiler/OneDrive/Desktop/MECHTRON 3TB4/lab5/lab5/lab5_restored/control_fsm.v Line: 91
Info (10041): Inferred latch for "increment_temp_register" at control_fsm.v(91) File: C:/Users/Avery Zeiler/OneDrive/Desktop/MECHTRON 3TB4/lab5/lab5/lab5_restored/control_fsm.v Line: 91
Info (10041): Inferred latch for "alu_add_sub" at control_fsm.v(91) File: C:/Users/Avery Zeiler/OneDrive/Desktop/MECHTRON 3TB4/lab5/lab5/lab5_restored/control_fsm.v Line: 91
Info (10041): Inferred latch for "op2_mux_select[0]" at control_fsm.v(91) File: C:/Users/Avery Zeiler/OneDrive/Desktop/MECHTRON 3TB4/lab5/lab5/lab5_restored/control_fsm.v Line: 91
Info (10041): Inferred latch for "op2_mux_select[1]" at control_fsm.v(91) File: C:/Users/Avery Zeiler/OneDrive/Desktop/MECHTRON 3TB4/lab5/lab5/lab5_restored/control_fsm.v Line: 91
Info (10041): Inferred latch for "op1_mux_select[0]" at control_fsm.v(91) File: C:/Users/Avery Zeiler/OneDrive/Desktop/MECHTRON 3TB4/lab5/lab5/lab5_restored/control_fsm.v Line: 91
Info (10041): Inferred latch for "op1_mux_select[1]" at control_fsm.v(91) File: C:/Users/Avery Zeiler/OneDrive/Desktop/MECHTRON 3TB4/lab5/lab5/lab5_restored/control_fsm.v Line: 91
Info (10041): Inferred latch for "result_mux_select" at control_fsm.v(91) File: C:/Users/Avery Zeiler/OneDrive/Desktop/MECHTRON 3TB4/lab5/lab5/lab5_restored/control_fsm.v Line: 91
Info (10041): Inferred latch for "write_reg_file" at control_fsm.v(91) File: C:/Users/Avery Zeiler/OneDrive/Desktop/MECHTRON 3TB4/lab5/lab5/lab5_restored/control_fsm.v Line: 91
Info (12128): Elaborating entity "datapath" for hierarchy "datapath:the_datapath" File: C:/Users/Avery Zeiler/OneDrive/Desktop/MECHTRON 3TB4/lab5/lab5/lab5_restored/lab5.v Line: 116
Info (12128): Elaborating entity "decoder" for hierarchy "datapath:the_datapath|decoder:the_decoder" File: C:/Users/Avery Zeiler/OneDrive/Desktop/MECHTRON 3TB4/lab5/lab5/lab5_restored/datapath.v Line: 54
Info (12128): Elaborating entity "regfile" for hierarchy "datapath:the_datapath|regfile:the_regfile" File: C:/Users/Avery Zeiler/OneDrive/Desktop/MECHTRON 3TB4/lab5/lab5/lab5_restored/datapath.v Line: 70
Info (12128): Elaborating entity "op1_mux" for hierarchy "datapath:the_datapath|op1_mux:the_op1_mux" File: C:/Users/Avery Zeiler/OneDrive/Desktop/MECHTRON 3TB4/lab5/lab5/lab5_restored/datapath.v Line: 81
Info (12128): Elaborating entity "op2_mux" for hierarchy "datapath:the_datapath|op2_mux:the_op2_mux" File: C:/Users/Avery Zeiler/OneDrive/Desktop/MECHTRON 3TB4/lab5/lab5/lab5_restored/datapath.v Line: 90
Info (12128): Elaborating entity "delay_counter" for hierarchy "datapath:the_datapath|delay_counter:the_delay_counter" File: C:/Users/Avery Zeiler/OneDrive/Desktop/MECHTRON 3TB4/lab5/lab5/lab5_restored/datapath.v Line: 101
Info (12128): Elaborating entity "stepper_rom" for hierarchy "datapath:the_datapath|stepper_rom:the_stepper_rom" File: C:/Users/Avery Zeiler/OneDrive/Desktop/MECHTRON 3TB4/lab5/lab5/lab5_restored/datapath.v Line: 109
Info (12128): Elaborating entity "altsyncram" for hierarchy "datapath:the_datapath|stepper_rom:the_stepper_rom|altsyncram:altsyncram_component" File: C:/Users/Avery Zeiler/OneDrive/Desktop/MECHTRON 3TB4/lab5/lab5/lab5_restored/stepper_rom.v Line: 81
Info (12130): Elaborated megafunction instantiation "datapath:the_datapath|stepper_rom:the_stepper_rom|altsyncram:altsyncram_component" File: C:/Users/Avery Zeiler/OneDrive/Desktop/MECHTRON 3TB4/lab5/lab5/lab5_restored/stepper_rom.v Line: 81
Info (12133): Instantiated megafunction "datapath:the_datapath|stepper_rom:the_stepper_rom|altsyncram:altsyncram_component" with the following parameter: File: C:/Users/Avery Zeiler/OneDrive/Desktop/MECHTRON 3TB4/lab5/lab5/lab5_restored/stepper_rom.v Line: 81
    Info (12134): Parameter "address_aclr_a" = "NONE"
    Info (12134): Parameter "clock_enable_input_a" = "BYPASS"
    Info (12134): Parameter "clock_enable_output_a" = "BYPASS"
    Info (12134): Parameter "init_file" = "stepper_rom.mif"
    Info (12134): Parameter "intended_device_family" = "Cyclone V"
    Info (12134): Parameter "lpm_hint" = "ENABLE_RUNTIME_MOD=NO"
    Info (12134): Parameter "lpm_type" = "altsyncram"
    Info (12134): Parameter "numwords_a" = "8"
    Info (12134): Parameter "operation_mode" = "ROM"
    Info (12134): Parameter "outdata_aclr_a" = "NONE"
    Info (12134): Parameter "outdata_reg_a" = "UNREGISTERED"
    Info (12134): Parameter "widthad_a" = "3"
    Info (12134): Parameter "width_a" = "4"
    Info (12134): Parameter "width_byteena_a" = "1"
Info (12021): Found 1 design units, including 1 entities, in source file db/altsyncram_7jg1.tdf
    Info (12023): Found entity 1: altsyncram_7jg1 File: C:/Users/Avery Zeiler/OneDrive/Desktop/MECHTRON 3TB4/lab5/lab5/lab5_restored/db/altsyncram_7jg1.tdf Line: 27
Info (12128): Elaborating entity "altsyncram_7jg1" for hierarchy "datapath:the_datapath|stepper_rom:the_stepper_rom|altsyncram:altsyncram_component|altsyncram_7jg1:auto_generated" File: c:/intelfpga_lite/17.1/quartus/libraries/megafunctions/altsyncram.tdf Line: 791
Info (12128): Elaborating entity "pc" for hierarchy "datapath:the_datapath|pc:the_pc" File: C:/Users/Avery Zeiler/OneDrive/Desktop/MECHTRON 3TB4/lab5/lab5/lab5_restored/datapath.v Line: 120
Info (12128): Elaborating entity "instruction_rom" for hierarchy "datapath:the_datapath|instruction_rom:the_instruction_rom" File: C:/Users/Avery Zeiler/OneDrive/Desktop/MECHTRON 3TB4/lab5/lab5/lab5_restored/datapath.v Line: 128
Info (12128): Elaborating entity "altsyncram" for hierarchy "datapath:the_datapath|instruction_rom:the_instruction_rom|altsyncram:altsyncram_component" File: C:/Users/Avery Zeiler/OneDrive/Desktop/MECHTRON 3TB4/lab5/lab5/lab5_restored/instruction_rom.v Line: 81
Info (12130): Elaborated megafunction instantiation "datapath:the_datapath|instruction_rom:the_instruction_rom|altsyncram:altsyncram_component" File: C:/Users/Avery Zeiler/OneDrive/Desktop/MECHTRON 3TB4/lab5/lab5/lab5_restored/instruction_rom.v Line: 81
Info (12133): Instantiated megafunction "datapath:the_datapath|instruction_rom:the_instruction_rom|altsyncram:altsyncram_component" with the following parameter: File: C:/Users/Avery Zeiler/OneDrive/Desktop/MECHTRON 3TB4/lab5/lab5/lab5_restored/instruction_rom.v Line: 81
    Info (12134): Parameter "address_aclr_a" = "NONE"
    Info (12134): Parameter "clock_enable_input_a" = "BYPASS"
    Info (12134): Parameter "clock_enable_output_a" = "BYPASS"
    Info (12134): Parameter "init_file" = "instruction_rom.mif"
    Info (12134): Parameter "intended_device_family" = "Cyclone V"
    Info (12134): Parameter "lpm_hint" = "ENABLE_RUNTIME_MOD=NO"
    Info (12134): Parameter "lpm_type" = "altsyncram"
    Info (12134): Parameter "numwords_a" = "256"
    Info (12134): Parameter "operation_mode" = "ROM"
    Info (12134): Parameter "outdata_aclr_a" = "NONE"
    Info (12134): Parameter "outdata_reg_a" = "UNREGISTERED"
    Info (12134): Parameter "widthad_a" = "8"
    Info (12134): Parameter "width_a" = "8"
    Info (12134): Parameter "width_byteena_a" = "1"
Info (12021): Found 1 design units, including 1 entities, in source file db/altsyncram_k4h1.tdf
    Info (12023): Found entity 1: altsyncram_k4h1 File: C:/Users/Avery Zeiler/OneDrive/Desktop/MECHTRON 3TB4/lab5/lab5/lab5_restored/db/altsyncram_k4h1.tdf Line: 27
Info (12128): Elaborating entity "altsyncram_k4h1" for hierarchy "datapath:the_datapath|instruction_rom:the_instruction_rom|altsyncram:altsyncram_component|altsyncram_k4h1:auto_generated" File: c:/intelfpga_lite/17.1/quartus/libraries/megafunctions/altsyncram.tdf Line: 791
Info (12128): Elaborating entity "alu" for hierarchy "datapath:the_datapath|alu:the_alu" File: C:/Users/Avery Zeiler/OneDrive/Desktop/MECHTRON 3TB4/lab5/lab5/lab5_restored/datapath.v Line: 139
Info (12128): Elaborating entity "temp_register" for hierarchy "datapath:the_datapath|temp_register:the_temp_register" File: C:/Users/Avery Zeiler/OneDrive/Desktop/MECHTRON 3TB4/lab5/lab5/lab5_restored/datapath.v Line: 153
Info (12128): Elaborating entity "immediate_extractor" for hierarchy "datapath:the_datapath|immediate_extractor:the_immediate_extractor" File: C:/Users/Avery Zeiler/OneDrive/Desktop/MECHTRON 3TB4/lab5/lab5/lab5_restored/datapath.v Line: 161
Info (12128): Elaborating entity "write_address_select" for hierarchy "datapath:the_datapath|write_address_select:the_write_address_select" File: C:/Users/Avery Zeiler/OneDrive/Desktop/MECHTRON 3TB4/lab5/lab5/lab5_restored/datapath.v Line: 170
Info (12128): Elaborating entity "result_mux" for hierarchy "datapath:the_datapath|result_mux:the_result_mux" File: C:/Users/Avery Zeiler/OneDrive/Desktop/MECHTRON 3TB4/lab5/lab5/lab5_restored/datapath.v Line: 176
Info (12128): Elaborating entity "branch_logic" for hierarchy "datapath:the_datapath|branch_logic:the_branch_logic" File: C:/Users/Avery Zeiler/OneDrive/Desktop/MECHTRON 3TB4/lab5/lab5/lab5_restored/datapath.v Line: 183
Warning (13012): Latch control_fsm:the_control_fsm|result_mux_select has unsafe behavior File: C:/Users/Avery Zeiler/OneDrive/Desktop/MECHTRON 3TB4/lab5/lab5/lab5_restored/control_fsm.v Line: 10
    Warning (13013): Ports D and ENA on the latch are fed by the same signal datapath:the_datapath|temp_register:the_temp_register|z File: C:/Users/Avery Zeiler/OneDrive/Desktop/MECHTRON 3TB4/lab5/lab5/lab5_restored/temp_register.v Line: 11
Warning (13012): Latch control_fsm:the_control_fsm|op1_mux_select[1] has unsafe behavior File: C:/Users/Avery Zeiler/OneDrive/Desktop/MECHTRON 3TB4/lab5/lab5/lab5_restored/control_fsm.v Line: 91
    Warning (13013): Ports D and ENA on the latch are fed by the same signal datapath:the_datapath|temp_register:the_temp_register|z File: C:/Users/Avery Zeiler/OneDrive/Desktop/MECHTRON 3TB4/lab5/lab5/lab5_restored/temp_register.v Line: 11
Warning (13012): Latch control_fsm:the_control_fsm|op2_mux_select[1] has unsafe behavior File: C:/Users/Avery Zeiler/OneDrive/Desktop/MECHTRON 3TB4/lab5/lab5/lab5_restored/control_fsm.v Line: 91
    Warning (13013): Ports D and ENA on the latch are fed by the same signal datapath:the_datapath|temp_register:the_temp_register|z File: C:/Users/Avery Zeiler/OneDrive/Desktop/MECHTRON 3TB4/lab5/lab5/lab5_restored/temp_register.v Line: 11
Warning (13012): Latch control_fsm:the_control_fsm|op2_mux_select[0] has unsafe behavior File: C:/Users/Avery Zeiler/OneDrive/Desktop/MECHTRON 3TB4/lab5/lab5/lab5_restored/control_fsm.v Line: 91
    Warning (13013): Ports D and ENA on the latch are fed by the same signal datapath:the_datapath|temp_register:the_temp_register|z File: C:/Users/Avery Zeiler/OneDrive/Desktop/MECHTRON 3TB4/lab5/lab5/lab5_restored/temp_register.v Line: 11
Warning (13012): Latch control_fsm:the_control_fsm|write_reg_file has unsafe behavior File: C:/Users/Avery Zeiler/OneDrive/Desktop/MECHTRON 3TB4/lab5/lab5/lab5_restored/control_fsm.v Line: 9
    Warning (13013): Ports D and ENA on the latch are fed by the same signal datapath:the_datapath|temp_register:the_temp_register|z File: C:/Users/Avery Zeiler/OneDrive/Desktop/MECHTRON 3TB4/lab5/lab5/lab5_restored/temp_register.v Line: 11
Warning (13012): Latch control_fsm:the_control_fsm|alu_add_sub has unsafe behavior File: C:/Users/Avery Zeiler/OneDrive/Desktop/MECHTRON 3TB4/lab5/lab5/lab5_restored/control_fsm.v Line: 14
    Warning (13013): Ports D and ENA on the latch are fed by the same signal control_fsm:the_control_fsm|state.MOVRHS_STAGE2 File: C:/Users/Avery Zeiler/OneDrive/Desktop/MECHTRON 3TB4/lab5/lab5/lab5_restored/control_fsm.v Line: 27
Warning (13012): Latch control_fsm:the_control_fsm|increment_temp_register has unsafe behavior File: C:/Users/Avery Zeiler/OneDrive/Desktop/MECHTRON 3TB4/lab5/lab5/lab5_restored/control_fsm.v Line: 15
    Warning (13013): Ports D and ENA on the latch are fed by the same signal control_fsm:the_control_fsm|state.MOVR_STAGE2 File: C:/Users/Avery Zeiler/OneDrive/Desktop/MECHTRON 3TB4/lab5/lab5/lab5_restored/control_fsm.v Line: 27
Warning (13012): Latch control_fsm:the_control_fsm|decrement_temp_register has unsafe behavior File: C:/Users/Avery Zeiler/OneDrive/Desktop/MECHTRON 3TB4/lab5/lab5/lab5_restored/control_fsm.v Line: 15
    Warning (13013): Ports D and ENA on the latch are fed by the same signal datapath:the_datapath|temp_register:the_temp_register|z File: C:/Users/Avery Zeiler/OneDrive/Desktop/MECHTRON 3TB4/lab5/lab5/lab5_restored/temp_register.v Line: 11
Warning (13024): Output pins are stuck at VCC or GND
    Warning (13410): Pin "LEDR[4]" is stuck at GND File: C:/Users/Avery Zeiler/OneDrive/Desktop/MECHTRON 3TB4/lab5/lab5/lab5_restored/lab5.v Line: 2
    Warning (13410): Pin "LEDR[5]" is stuck at GND File: C:/Users/Avery Zeiler/OneDrive/Desktop/MECHTRON 3TB4/lab5/lab5/lab5_restored/lab5.v Line: 2
    Warning (13410): Pin "LEDR[6]" is stuck at GND File: C:/Users/Avery Zeiler/OneDrive/Desktop/MECHTRON 3TB4/lab5/lab5/lab5_restored/lab5.v Line: 2
    Warning (13410): Pin "LEDR[7]" is stuck at GND File: C:/Users/Avery Zeiler/OneDrive/Desktop/MECHTRON 3TB4/lab5/lab5/lab5_restored/lab5.v Line: 2
    Warning (13410): Pin "LEDR[8]" is stuck at GND File: C:/Users/Avery Zeiler/OneDrive/Desktop/MECHTRON 3TB4/lab5/lab5/lab5_restored/lab5.v Line: 2
    Warning (13410): Pin "LEDR[9]" is stuck at GND File: C:/Users/Avery Zeiler/OneDrive/Desktop/MECHTRON 3TB4/lab5/lab5/lab5_restored/lab5.v Line: 2
Info (286030): Timing-Driven Synthesis is running
Info (17049): 5 registers lost all their fanouts during netlist optimizations.
Info (17016): Found the following redundant logic cells in design
    Info (17048): Logic cell "datapath:the_datapath|position[0]" File: C:/Users/Avery Zeiler/OneDrive/Desktop/MECHTRON 3TB4/lab5/lab5/lab5_restored/datapath.v Line: 22
    Info (17048): Logic cell "datapath:the_datapath|position[1]" File: C:/Users/Avery Zeiler/OneDrive/Desktop/MECHTRON 3TB4/lab5/lab5/lab5_restored/datapath.v Line: 22
    Info (17048): Logic cell "datapath:the_datapath|position[2]" File: C:/Users/Avery Zeiler/OneDrive/Desktop/MECHTRON 3TB4/lab5/lab5/lab5_restored/datapath.v Line: 22
    Info (17048): Logic cell "datapath:the_datapath|register0[0]" File: C:/Users/Avery Zeiler/OneDrive/Desktop/MECHTRON 3TB4/lab5/lab5/lab5_restored/datapath.v Line: 24
    Info (17048): Logic cell "datapath:the_datapath|register0[1]" File: C:/Users/Avery Zeiler/OneDrive/Desktop/MECHTRON 3TB4/lab5/lab5/lab5_restored/datapath.v Line: 24
    Info (17048): Logic cell "datapath:the_datapath|register0[2]" File: C:/Users/Avery Zeiler/OneDrive/Desktop/MECHTRON 3TB4/lab5/lab5/lab5_restored/datapath.v Line: 24
    Info (17048): Logic cell "datapath:the_datapath|register0[7]" File: C:/Users/Avery Zeiler/OneDrive/Desktop/MECHTRON 3TB4/lab5/lab5/lab5_restored/datapath.v Line: 24
    Info (17048): Logic cell "datapath:the_datapath|register0[6]" File: C:/Users/Avery Zeiler/OneDrive/Desktop/MECHTRON 3TB4/lab5/lab5/lab5_restored/datapath.v Line: 24
    Info (17048): Logic cell "datapath:the_datapath|register0[5]" File: C:/Users/Avery Zeiler/OneDrive/Desktop/MECHTRON 3TB4/lab5/lab5/lab5_restored/datapath.v Line: 24
    Info (17048): Logic cell "datapath:the_datapath|register0[4]" File: C:/Users/Avery Zeiler/OneDrive/Desktop/MECHTRON 3TB4/lab5/lab5/lab5_restored/datapath.v Line: 24
    Info (17048): Logic cell "datapath:the_datapath|register0[3]" File: C:/Users/Avery Zeiler/OneDrive/Desktop/MECHTRON 3TB4/lab5/lab5/lab5_restored/datapath.v Line: 24
    Info (17048): Logic cell "datapath:the_datapath|position[3]" File: C:/Users/Avery Zeiler/OneDrive/Desktop/MECHTRON 3TB4/lab5/lab5/lab5_restored/datapath.v Line: 22
    Info (17048): Logic cell "datapath:the_datapath|position[4]" File: C:/Users/Avery Zeiler/OneDrive/Desktop/MECHTRON 3TB4/lab5/lab5/lab5_restored/datapath.v Line: 22
    Info (17048): Logic cell "datapath:the_datapath|position[5]" File: C:/Users/Avery Zeiler/OneDrive/Desktop/MECHTRON 3TB4/lab5/lab5/lab5_restored/datapath.v Line: 22
    Info (17048): Logic cell "datapath:the_datapath|position[6]" File: C:/Users/Avery Zeiler/OneDrive/Desktop/MECHTRON 3TB4/lab5/lab5/lab5_restored/datapath.v Line: 22
    Info (17048): Logic cell "datapath:the_datapath|position[7]" File: C:/Users/Avery Zeiler/OneDrive/Desktop/MECHTRON 3TB4/lab5/lab5/lab5_restored/datapath.v Line: 22
    Info (17048): Logic cell "datapath:the_datapath|delay[4]" File: C:/Users/Avery Zeiler/OneDrive/Desktop/MECHTRON 3TB4/lab5/lab5/lab5_restored/datapath.v Line: 23
    Info (17048): Logic cell "datapath:the_datapath|delay[5]" File: C:/Users/Avery Zeiler/OneDrive/Desktop/MECHTRON 3TB4/lab5/lab5/lab5_restored/datapath.v Line: 23
    Info (17048): Logic cell "datapath:the_datapath|delay[6]" File: C:/Users/Avery Zeiler/OneDrive/Desktop/MECHTRON 3TB4/lab5/lab5/lab5_restored/datapath.v Line: 23
    Info (17048): Logic cell "datapath:the_datapath|delay[7]" File: C:/Users/Avery Zeiler/OneDrive/Desktop/MECHTRON 3TB4/lab5/lab5/lab5_restored/datapath.v Line: 23
    Info (17048): Logic cell "datapath:the_datapath|delay[0]" File: C:/Users/Avery Zeiler/OneDrive/Desktop/MECHTRON 3TB4/lab5/lab5/lab5_restored/datapath.v Line: 23
    Info (17048): Logic cell "datapath:the_datapath|delay[1]" File: C:/Users/Avery Zeiler/OneDrive/Desktop/MECHTRON 3TB4/lab5/lab5/lab5_restored/datapath.v Line: 23
    Info (17048): Logic cell "datapath:the_datapath|delay[2]" File: C:/Users/Avery Zeiler/OneDrive/Desktop/MECHTRON 3TB4/lab5/lab5/lab5_restored/datapath.v Line: 23
    Info (17048): Logic cell "datapath:the_datapath|delay[3]" File: C:/Users/Avery Zeiler/OneDrive/Desktop/MECHTRON 3TB4/lab5/lab5/lab5_restored/datapath.v Line: 23
Warning (20013): Ignored 571 assignments for entity "DE1_SoC" -- entity does not exist in design
    Warning (20014): Assignment for entity set_instance_assignment -name PACKAGE_SKEW_COMPENSATION OFF -to HPS_DDR3_ADDR[0] -entity DE1_SoC was ignored
    Warning (20014): Assignment for entity set_instance_assignment -name PACKAGE_SKEW_COMPENSATION OFF -to HPS_DDR3_ADDR[10] -entity DE1_SoC was ignored
    Warning (20014): Assignment for entity set_instance_assignment -name PACKAGE_SKEW_COMPENSATION OFF -to HPS_DDR3_ADDR[11] -entity DE1_SoC was ignored
    Warning (20014): Assignment for entity set_instance_assignment -name PACKAGE_SKEW_COMPENSATION OFF -to HPS_DDR3_ADDR[12] -entity DE1_SoC was ignored
    Warning (20014): Assignment for entity set_instance_assignment -name PACKAGE_SKEW_COMPENSATION OFF -to HPS_DDR3_ADDR[13] -entity DE1_SoC was ignored
    Warning (20014): Assignment for entity set_instance_assignment -name PACKAGE_SKEW_COMPENSATION OFF -to HPS_DDR3_ADDR[14] -entity DE1_SoC was ignored
    Warning (20014): Assignment for entity set_instance_assignment -name PACKAGE_SKEW_COMPENSATION OFF -to HPS_DDR3_ADDR[1] -entity DE1_SoC was ignored
    Warning (20014): Assignment for entity set_instance_assignment -name PACKAGE_SKEW_COMPENSATION OFF -to HPS_DDR3_ADDR[2] -entity DE1_SoC was ignored
    Warning (20014): Assignment for entity set_instance_assignment -name PACKAGE_SKEW_COMPENSATION OFF -to HPS_DDR3_ADDR[3] -entity DE1_SoC was ignored
    Warning (20014): Assignment for entity set_instance_assignment -name PACKAGE_SKEW_COMPENSATION OFF -to HPS_DDR3_ADDR[4] -entity DE1_SoC was ignored
    Warning (20014): Assignment for entity set_instance_assignment -name PACKAGE_SKEW_COMPENSATION OFF -to HPS_DDR3_ADDR[5] -entity DE1_SoC was ignored
    Warning (20014): Assignment for entity set_instance_assignment -name PACKAGE_SKEW_COMPENSATION OFF -to HPS_DDR3_ADDR[6] -entity DE1_SoC was ignored
    Warning (20014): Assignment for entity set_instance_assignment -name PACKAGE_SKEW_COMPENSATION OFF -to HPS_DDR3_ADDR[7] -entity DE1_SoC was ignored
    Warning (20014): Assignment for entity set_instance_assignment -name PACKAGE_SKEW_COMPENSATION OFF -to HPS_DDR3_ADDR[8] -entity DE1_SoC was ignored
    Warning (20014): Assignment for entity set_instance_assignment -name PACKAGE_SKEW_COMPENSATION OFF -to HPS_DDR3_ADDR[9] -entity DE1_SoC was ignored
    Warning (20014): Assignment for entity set_instance_assignment -name PACKAGE_SKEW_COMPENSATION OFF -to HPS_DDR3_BA[0] -entity DE1_SoC was ignored
    Warning (20014): Assignment for entity set_instance_assignment -name PACKAGE_SKEW_COMPENSATION OFF -to HPS_DDR3_BA[1] -entity DE1_SoC was ignored
    Warning (20014): Assignment for entity set_instance_assignment -name PACKAGE_SKEW_COMPENSATION OFF -to HPS_DDR3_BA[2] -entity DE1_SoC was ignored
    Warning (20014): Assignment for entity set_instance_assignment -name PACKAGE_SKEW_COMPENSATION OFF -to HPS_DDR3_CAS_N -entity DE1_SoC was ignored
    Warning (20014): Assignment for entity set_instance_assignment -name PACKAGE_SKEW_COMPENSATION OFF -to HPS_DDR3_CKE -entity DE1_SoC was ignored
    Warning (20014): Assignment for entity set_instance_assignment -name PACKAGE_SKEW_COMPENSATION OFF -to HPS_DDR3_CK_N -entity DE1_SoC was ignored
    Warning (20014): Assignment for entity set_instance_assignment -name PACKAGE_SKEW_COMPENSATION OFF -to HPS_DDR3_CK_P -entity DE1_SoC was ignored
    Warning (20014): Assignment for entity set_instance_assignment -name PACKAGE_SKEW_COMPENSATION OFF -to HPS_DDR3_CS_N -entity DE1_SoC was ignored
    Warning (20014): Assignment for entity set_instance_assignment -name PACKAGE_SKEW_COMPENSATION OFF -to HPS_DDR3_DM[0] -entity DE1_SoC was ignored
    Warning (20014): Assignment for entity set_instance_assignment -name PACKAGE_SKEW_COMPENSATION OFF -to HPS_DDR3_DM[1] -entity DE1_SoC was ignored
    Warning (20014): Assignment for entity set_instance_assignment -name PACKAGE_SKEW_COMPENSATION OFF -to HPS_DDR3_DM[2] -entity DE1_SoC was ignored
    Warning (20014): Assignment for entity set_instance_assignment -name PACKAGE_SKEW_COMPENSATION OFF -to HPS_DDR3_DM[3] -entity DE1_SoC was ignored
    Warning (20014): Assignment for entity set_instance_assignment -name PACKAGE_SKEW_COMPENSATION OFF -to HPS_DDR3_DQS_N[0] -entity DE1_SoC was ignored
    Warning (20014): Assignment for entity set_instance_assignment -name PACKAGE_SKEW_COMPENSATION OFF -to HPS_DDR3_DQS_N[1] -entity DE1_SoC was ignored
    Warning (20014): Assignment for entity set_instance_assignment -name PACKAGE_SKEW_COMPENSATION OFF -to HPS_DDR3_DQS_N[2] -entity DE1_SoC was ignored
    Warning (20014): Assignment for entity set_instance_assignment -name PACKAGE_SKEW_COMPENSATION OFF -to HPS_DDR3_DQS_N[3] -entity DE1_SoC was ignored
    Warning (20014): Assignment for entity set_instance_assignment -name PACKAGE_SKEW_COMPENSATION OFF -to HPS_DDR3_DQS_P[0] -entity DE1_SoC was ignored
    Warning (20014): Assignment for entity set_instance_assignment -name PACKAGE_SKEW_COMPENSATION OFF -to HPS_DDR3_DQS_P[1] -entity DE1_SoC was ignored
    Warning (20014): Assignment for entity set_instance_assignment -name PACKAGE_SKEW_COMPENSATION OFF -to HPS_DDR3_DQS_P[2] -entity DE1_SoC was ignored
    Warning (20014): Assignment for entity set_instance_assignment -name PACKAGE_SKEW_COMPENSATION OFF -to HPS_DDR3_DQS_P[3] -entity DE1_SoC was ignored
    Warning (20014): Assignment for entity set_instance_assignment -name PACKAGE_SKEW_COMPENSATION OFF -to HPS_DDR3_DQ[0] -entity DE1_SoC was ignored
    Warning (20014): Assignment for entity set_instance_assignment -name PACKAGE_SKEW_COMPENSATION OFF -to HPS_DDR3_DQ[10] -entity DE1_SoC was ignored
    Warning (20014): Assignment for entity set_instance_assignment -name PACKAGE_SKEW_COMPENSATION OFF -to HPS_DDR3_DQ[11] -entity DE1_SoC was ignored
    Warning (20014): Assignment for entity set_instance_assignment -name PACKAGE_SKEW_COMPENSATION OFF -to HPS_DDR3_DQ[12] -entity DE1_SoC was ignored
    Warning (20014): Assignment for entity set_instance_assignment -name PACKAGE_SKEW_COMPENSATION OFF -to HPS_DDR3_DQ[13] -entity DE1_SoC was ignored
    Warning (20014): Assignment for entity set_instance_assignment -name PACKAGE_SKEW_COMPENSATION OFF -to HPS_DDR3_DQ[14] -entity DE1_SoC was ignored
    Warning (20014): Assignment for entity set_instance_assignment -name PACKAGE_SKEW_COMPENSATION OFF -to HPS_DDR3_DQ[15] -entity DE1_SoC was ignored
    Warning (20014): Assignment for entity set_instance_assignment -name PACKAGE_SKEW_COMPENSATION OFF -to HPS_DDR3_DQ[16] -entity DE1_SoC was ignored
    Warning (20014): Assignment for entity set_instance_assignment -name PACKAGE_SKEW_COMPENSATION OFF -to HPS_DDR3_DQ[17] -entity DE1_SoC was ignored
    Warning (20014): Assignment for entity set_instance_assignment -name PACKAGE_SKEW_COMPENSATION OFF -to HPS_DDR3_DQ[18] -entity DE1_SoC was ignored
    Warning (20014): Assignment for entity set_instance_assignment -name PACKAGE_SKEW_COMPENSATION OFF -to HPS_DDR3_DQ[19] -entity DE1_SoC was ignored
    Warning (20014): Assignment for entity set_instance_assignment -name PACKAGE_SKEW_COMPENSATION OFF -to HPS_DDR3_DQ[1] -entity DE1_SoC was ignored
    Warning (20014): Assignment for entity set_instance_assignment -name PACKAGE_SKEW_COMPENSATION OFF -to HPS_DDR3_DQ[20] -entity DE1_SoC was ignored
    Warning (20014): Assignment for entity set_instance_assignment -name PACKAGE_SKEW_COMPENSATION OFF -to HPS_DDR3_DQ[21] -entity DE1_SoC was ignored
    Warning (20014): Assignment for entity set_instance_assignment -name PACKAGE_SKEW_COMPENSATION OFF -to HPS_DDR3_DQ[22] -entity DE1_SoC was ignored
    Warning (20014): Assignment for entity set_instance_assignment -name PACKAGE_SKEW_COMPENSATION OFF -to HPS_DDR3_DQ[23] -entity DE1_SoC was ignored
    Warning (20014): Assignment for entity set_instance_assignment -name PACKAGE_SKEW_COMPENSATION OFF -to HPS_DDR3_DQ[24] -entity DE1_SoC was ignored
    Warning (20014): Assignment for entity set_instance_assignment -name PACKAGE_SKEW_COMPENSATION OFF -to HPS_DDR3_DQ[25] -entity DE1_SoC was ignored
    Warning (20014): Assignment for entity set_instance_assignment -name PACKAGE_SKEW_COMPENSATION OFF -to HPS_DDR3_DQ[26] -entity DE1_SoC was ignored
    Warning (20014): Assignment for entity set_instance_assignment -name PACKAGE_SKEW_COMPENSATION OFF -to HPS_DDR3_DQ[27] -entity DE1_SoC was ignored
    Warning (20014): Assignment for entity set_instance_assignment -name PACKAGE_SKEW_COMPENSATION OFF -to HPS_DDR3_DQ[28] -entity DE1_SoC was ignored
    Warning (20014): Assignment for entity set_instance_assignment -name PACKAGE_SKEW_COMPENSATION OFF -to HPS_DDR3_DQ[29] -entity DE1_SoC was ignored
    Warning (20014): Assignment for entity set_instance_assignment -name PACKAGE_SKEW_COMPENSATION OFF -to HPS_DDR3_DQ[2] -entity DE1_SoC was ignored
    Warning (20014): Assignment for entity set_instance_assignment -name PACKAGE_SKEW_COMPENSATION OFF -to HPS_DDR3_DQ[30] -entity DE1_SoC was ignored
    Warning (20014): Assignment for entity set_instance_assignment -name PACKAGE_SKEW_COMPENSATION OFF -to HPS_DDR3_DQ[31] -entity DE1_SoC was ignored
    Warning (20014): Assignment for entity set_instance_assignment -name PACKAGE_SKEW_COMPENSATION OFF -to HPS_DDR3_DQ[3] -entity DE1_SoC was ignored
    Warning (20014): Assignment for entity set_instance_assignment -name PACKAGE_SKEW_COMPENSATION OFF -to HPS_DDR3_DQ[4] -entity DE1_SoC was ignored
    Warning (20014): Assignment for entity set_instance_assignment -name PACKAGE_SKEW_COMPENSATION OFF -to HPS_DDR3_DQ[5] -entity DE1_SoC was ignored
    Warning (20014): Assignment for entity set_instance_assignment -name PACKAGE_SKEW_COMPENSATION OFF -to HPS_DDR3_DQ[6] -entity DE1_SoC was ignored
    Warning (20014): Assignment for entity set_instance_assignment -name PACKAGE_SKEW_COMPENSATION OFF -to HPS_DDR3_DQ[7] -entity DE1_SoC was ignored
    Warning (20014): Assignment for entity set_instance_assignment -name PACKAGE_SKEW_COMPENSATION OFF -to HPS_DDR3_DQ[8] -entity DE1_SoC was ignored
    Warning (20014): Assignment for entity set_instance_assignment -name PACKAGE_SKEW_COMPENSATION OFF -to HPS_DDR3_DQ[9] -entity DE1_SoC was ignored
    Warning (20014): Assignment for entity set_instance_assignment -name PACKAGE_SKEW_COMPENSATION OFF -to HPS_DDR3_ODT -entity DE1_SoC was ignored
    Warning (20014): Assignment for entity set_instance_assignment -name PACKAGE_SKEW_COMPENSATION OFF -to HPS_DDR3_RAS_N -entity DE1_SoC was ignored
    Warning (20014): Assignment for entity set_instance_assignment -name PACKAGE_SKEW_COMPENSATION OFF -to HPS_DDR3_RESET_N -entity DE1_SoC was ignored
    Warning (20014): Assignment for entity set_instance_assignment -name PACKAGE_SKEW_COMPENSATION OFF -to HPS_DDR3_WE_N -entity DE1_SoC was ignored
    Warning (20014): Assignment for entity set_instance_assignment -name IO_STANDARD "3.3-V LVTTL" -to ADC_CS_N -entity DE1_SoC was ignored
    Warning (20014): Assignment for entity set_instance_assignment -name IO_STANDARD "3.3-V LVTTL" -to ADC_DIN -entity DE1_SoC was ignored
    Warning (20014): Assignment for entity set_instance_assignment -name IO_STANDARD "3.3-V LVTTL" -to ADC_DOUT -entity DE1_SoC was ignored
    Warning (20014): Assignment for entity set_instance_assignment -name IO_STANDARD "3.3-V LVTTL" -to ADC_SCLK -entity DE1_SoC was ignored
    Warning (20014): Assignment for entity set_instance_assignment -name IO_STANDARD "3.3-V LVTTL" -to AUD_ADCDAT -entity DE1_SoC was ignored
    Warning (20014): Assignment for entity set_instance_assignment -name IO_STANDARD "3.3-V LVTTL" -to AUD_ADCLRCK -entity DE1_SoC was ignored
    Warning (20014): Assignment for entity set_instance_assignment -name IO_STANDARD "3.3-V LVTTL" -to AUD_BCLK -entity DE1_SoC was ignored
    Warning (20014): Assignment for entity set_instance_assignment -name IO_STANDARD "3.3-V LVTTL" -to AUD_DACDAT -entity DE1_SoC was ignored
    Warning (20014): Assignment for entity set_instance_assignment -name IO_STANDARD "3.3-V LVTTL" -to AUD_DACLRCK -entity DE1_SoC was ignored
    Warning (20014): Assignment for entity set_instance_assignment -name IO_STANDARD "3.3-V LVTTL" -to AUD_XCK -entity DE1_SoC was ignored
    Warning (20014): Assignment for entity set_instance_assignment -name IO_STANDARD "3.3-V LVTTL" -to CLOCK2_50 -entity DE1_SoC was ignored
    Warning (20014): Assignment for entity set_instance_assignment -name IO_STANDARD "3.3-V LVTTL" -to CLOCK3_50 -entity DE1_SoC was ignored
    Warning (20014): Assignment for entity set_instance_assignment -name IO_STANDARD "3.3-V LVTTL" -to CLOCK4_50 -entity DE1_SoC was ignored
    Warning (20014): Assignment for entity set_instance_assignment -name IO_STANDARD "3.3-V LVTTL" -to CLOCK_50 -entity DE1_SoC was ignored
    Warning (20014): Assignment for entity set_instance_assignment -name IO_STANDARD "3.3-V LVTTL" -to DRAM_ADDR[0] -entity DE1_SoC was ignored
    Warning (20014): Assignment for entity set_instance_assignment -name IO_STANDARD "3.3-V LVTTL" -to DRAM_ADDR[10] -entity DE1_SoC was ignored
    Warning (20014): Assignment for entity set_instance_assignment -name IO_STANDARD "3.3-V LVTTL" -to DRAM_ADDR[11] -entity DE1_SoC was ignored
    Warning (20014): Assignment for entity set_instance_assignment -name IO_STANDARD "3.3-V LVTTL" -to DRAM_ADDR[12] -entity DE1_SoC was ignored
    Warning (20014): Assignment for entity set_instance_assignment -name IO_STANDARD "3.3-V LVTTL" -to DRAM_ADDR[1] -entity DE1_SoC was ignored
    Warning (20014): Assignment for entity set_instance_assignment -name IO_STANDARD "3.3-V LVTTL" -to DRAM_ADDR[2] -entity DE1_SoC was ignored
    Warning (20014): Assignment for entity set_instance_assignment -name IO_STANDARD "3.3-V LVTTL" -to DRAM_ADDR[3] -entity DE1_SoC was ignored
    Warning (20014): Assignment for entity set_instance_assignment -name IO_STANDARD "3.3-V LVTTL" -to DRAM_ADDR[4] -entity DE1_SoC was ignored
    Warning (20014): Assignment for entity set_instance_assignment -name IO_STANDARD "3.3-V LVTTL" -to DRAM_ADDR[5] -entity DE1_SoC was ignored
    Warning (20014): Assignment for entity set_instance_assignment -name IO_STANDARD "3.3-V LVTTL" -to DRAM_ADDR[6] -entity DE1_SoC was ignored
    Warning (20014): Assignment for entity set_instance_assignment -name IO_STANDARD "3.3-V LVTTL" -to DRAM_ADDR[7] -entity DE1_SoC was ignored
    Warning (20014): Assignment for entity set_instance_assignment -name IO_STANDARD "3.3-V LVTTL" -to DRAM_ADDR[8] -entity DE1_SoC was ignored
    Warning (20014): Assignment for entity set_instance_assignment -name IO_STANDARD "3.3-V LVTTL" -to DRAM_ADDR[9] -entity DE1_SoC was ignored
    Warning (20014): Assignment for entity set_instance_assignment -name IO_STANDARD "3.3-V LVTTL" -to DRAM_BA[0] -entity DE1_SoC was ignored
    Warning (20014): Assignment for entity set_instance_assignment -name IO_STANDARD "3.3-V LVTTL" -to DRAM_BA[1] -entity DE1_SoC was ignored
    Warning (20014): Assignment for entity set_instance_assignment -name IO_STANDARD "3.3-V LVTTL" -to DRAM_CAS_N -entity DE1_SoC was ignored
    Warning (20014): Assignment for entity set_instance_assignment -name IO_STANDARD "3.3-V LVTTL" -to DRAM_CKE -entity DE1_SoC was ignored
    Warning (20014): Assignment for entity set_instance_assignment -name IO_STANDARD "3.3-V LVTTL" -to DRAM_CLK -entity DE1_SoC was ignored
    Warning (20014): Assignment for entity set_instance_assignment -name IO_STANDARD "3.3-V LVTTL" -to DRAM_CS_N -entity DE1_SoC was ignored
    Warning (20014): Assignment for entity set_instance_assignment -name IO_STANDARD "3.3-V LVTTL" -to DRAM_DQ[0] -entity DE1_SoC was ignored
    Warning (20014): Assignment for entity set_instance_assignment -name IO_STANDARD "3.3-V LVTTL" -to DRAM_DQ[10] -entity DE1_SoC was ignored
    Warning (20014): Assignment for entity set_instance_assignment -name IO_STANDARD "3.3-V LVTTL" -to DRAM_DQ[11] -entity DE1_SoC was ignored
    Warning (20014): Assignment for entity set_instance_assignment -name IO_STANDARD "3.3-V LVTTL" -to DRAM_DQ[12] -entity DE1_SoC was ignored
    Warning (20014): Assignment for entity set_instance_assignment -name IO_STANDARD "3.3-V LVTTL" -to DRAM_DQ[13] -entity DE1_SoC was ignored
    Warning (20014): Assignment for entity set_instance_assignment -name IO_STANDARD "3.3-V LVTTL" -to DRAM_DQ[14] -entity DE1_SoC was ignored
    Warning (20014): Assignment for entity set_instance_assignment -name IO_STANDARD "3.3-V LVTTL" -to DRAM_DQ[15] -entity DE1_SoC was ignored
    Warning (20014): Assignment for entity set_instance_assignment -name IO_STANDARD "3.3-V LVTTL" -to DRAM_DQ[1] -entity DE1_SoC was ignored
    Warning (20014): Assignment for entity set_instance_assignment -name IO_STANDARD "3.3-V LVTTL" -to DRAM_DQ[2] -entity DE1_SoC was ignored
    Warning (20014): Assignment for entity set_instance_assignment -name IO_STANDARD "3.3-V LVTTL" -to DRAM_DQ[3] -entity DE1_SoC was ignored
    Warning (20014): Assignment for entity set_instance_assignment -name IO_STANDARD "3.3-V LVTTL" -to DRAM_DQ[4] -entity DE1_SoC was ignored
    Warning (20014): Assignment for entity set_instance_assignment -name IO_STANDARD "3.3-V LVTTL" -to DRAM_DQ[5] -entity DE1_SoC was ignored
    Warning (20014): Assignment for entity set_instance_assignment -name IO_STANDARD "3.3-V LVTTL" -to DRAM_DQ[6] -entity DE1_SoC was ignored
    Warning (20014): Assignment for entity set_instance_assignment -name IO_STANDARD "3.3-V LVTTL" -to DRAM_DQ[7] -entity DE1_SoC was ignored
    Warning (20014): Assignment for entity set_instance_assignment -name IO_STANDARD "3.3-V LVTTL" -to DRAM_DQ[8] -entity DE1_SoC was ignored
    Warning (20014): Assignment for entity set_instance_assignment -name IO_STANDARD "3.3-V LVTTL" -to DRAM_DQ[9] -entity DE1_SoC was ignored
    Warning (20014): Assignment for entity set_instance_assignment -name IO_STANDARD "3.3-V LVTTL" -to DRAM_LDQM -entity DE1_SoC was ignored
    Warning (20014): Assignment for entity set_instance_assignment -name IO_STANDARD "3.3-V LVTTL" -to DRAM_RAS_N -entity DE1_SoC was ignored
    Warning (20014): Assignment for entity set_instance_assignment -name IO_STANDARD "3.3-V LVTTL" -to DRAM_UDQM -entity DE1_SoC was ignored
    Warning (20014): Assignment for entity set_instance_assignment -name IO_STANDARD "3.3-V LVTTL" -to DRAM_WE_N -entity DE1_SoC was ignored
    Warning (20014): Assignment for entity set_instance_assignment -name IO_STANDARD "3.3-V LVTTL" -to FAN_CTRL -entity DE1_SoC was ignored
    Warning (20014): Assignment for entity set_instance_assignment -name IO_STANDARD "3.3-V LVTTL" -to FPGA_I2C_SCLK -entity DE1_SoC was ignored
    Warning (20014): Assignment for entity set_instance_assignment -name IO_STANDARD "3.3-V LVTTL" -to FPGA_I2C_SDAT -entity DE1_SoC was ignored
    Warning (20014): Assignment for entity set_instance_assignment -name IO_STANDARD "3.3-V LVTTL" -to GPIO_0[0] -entity DE1_SoC was ignored
    Warning (20014): Assignment for entity set_instance_assignment -name IO_STANDARD "3.3-V LVTTL" -to GPIO_0[10] -entity DE1_SoC was ignored
    Warning (20014): Assignment for entity set_instance_assignment -name IO_STANDARD "3.3-V LVTTL" -to GPIO_0[11] -entity DE1_SoC was ignored
    Warning (20014): Assignment for entity set_instance_assignment -name IO_STANDARD "3.3-V LVTTL" -to GPIO_0[12] -entity DE1_SoC was ignored
    Warning (20014): Assignment for entity set_instance_assignment -name IO_STANDARD "3.3-V LVTTL" -to GPIO_0[13] -entity DE1_SoC was ignored
    Warning (20014): Assignment for entity set_instance_assignment -name IO_STANDARD "3.3-V LVTTL" -to GPIO_0[14] -entity DE1_SoC was ignored
    Warning (20014): Assignment for entity set_instance_assignment -name IO_STANDARD "3.3-V LVTTL" -to GPIO_0[15] -entity DE1_SoC was ignored
    Warning (20014): Assignment for entity set_instance_assignment -name IO_STANDARD "3.3-V LVTTL" -to GPIO_0[16] -entity DE1_SoC was ignored
    Warning (20014): Assignment for entity set_instance_assignment -name IO_STANDARD "3.3-V LVTTL" -to GPIO_0[17] -entity DE1_SoC was ignored
    Warning (20014): Assignment for entity set_instance_assignment -name IO_STANDARD "3.3-V LVTTL" -to GPIO_0[18] -entity DE1_SoC was ignored
    Warning (20014): Assignment for entity set_instance_assignment -name IO_STANDARD "3.3-V LVTTL" -to GPIO_0[19] -entity DE1_SoC was ignored
    Warning (20014): Assignment for entity set_instance_assignment -name IO_STANDARD "3.3-V LVTTL" -to GPIO_0[1] -entity DE1_SoC was ignored
    Warning (20014): Assignment for entity set_instance_assignment -name IO_STANDARD "3.3-V LVTTL" -to GPIO_0[20] -entity DE1_SoC was ignored
    Warning (20014): Assignment for entity set_instance_assignment -name IO_STANDARD "3.3-V LVTTL" -to GPIO_0[21] -entity DE1_SoC was ignored
    Warning (20014): Assignment for entity set_instance_assignment -name IO_STANDARD "3.3-V LVTTL" -to GPIO_0[22] -entity DE1_SoC was ignored
    Warning (20014): Assignment for entity set_instance_assignment -name IO_STANDARD "3.3-V LVTTL" -to GPIO_0[23] -entity DE1_SoC was ignored
    Warning (20014): Assignment for entity set_instance_assignment -name IO_STANDARD "3.3-V LVTTL" -to GPIO_0[24] -entity DE1_SoC was ignored
    Warning (20014): Assignment for entity set_instance_assignment -name IO_STANDARD "3.3-V LVTTL" -to GPIO_0[25] -entity DE1_SoC was ignored
    Warning (20014): Assignment for entity set_instance_assignment -name IO_STANDARD "3.3-V LVTTL" -to GPIO_0[26] -entity DE1_SoC was ignored
    Warning (20014): Assignment for entity set_instance_assignment -name IO_STANDARD "3.3-V LVTTL" -to GPIO_0[27] -entity DE1_SoC was ignored
    Warning (20014): Assignment for entity set_instance_assignment -name IO_STANDARD "3.3-V LVTTL" -to GPIO_0[28] -entity DE1_SoC was ignored
    Warning (20014): Assignment for entity set_instance_assignment -name IO_STANDARD "3.3-V LVTTL" -to GPIO_0[29] -entity DE1_SoC was ignored
    Warning (20014): Assignment for entity set_instance_assignment -name IO_STANDARD "3.3-V LVTTL" -to GPIO_0[2] -entity DE1_SoC was ignored
    Warning (20014): Assignment for entity set_instance_assignment -name IO_STANDARD "3.3-V LVTTL" -to GPIO_0[30] -entity DE1_SoC was ignored
    Warning (20014): Assignment for entity set_instance_assignment -name IO_STANDARD "3.3-V LVTTL" -to GPIO_0[31] -entity DE1_SoC was ignored
    Warning (20014): Assignment for entity set_instance_assignment -name IO_STANDARD "3.3-V LVTTL" -to GPIO_0[32] -entity DE1_SoC was ignored
    Warning (20014): Assignment for entity set_instance_assignment -name IO_STANDARD "3.3-V LVTTL" -to GPIO_0[33] -entity DE1_SoC was ignored
    Warning (20014): Assignment for entity set_instance_assignment -name IO_STANDARD "3.3-V LVTTL" -to GPIO_0[34] -entity DE1_SoC was ignored
    Warning (20014): Assignment for entity set_instance_assignment -name IO_STANDARD "3.3-V LVTTL" -to GPIO_0[35] -entity DE1_SoC was ignored
    Warning (20014): Assignment for entity set_instance_assignment -name IO_STANDARD "3.3-V LVTTL" -to GPIO_0[3] -entity DE1_SoC was ignored
    Warning (20014): Assignment for entity set_instance_assignment -name IO_STANDARD "3.3-V LVTTL" -to GPIO_0[4] -entity DE1_SoC was ignored
    Warning (20014): Assignment for entity set_instance_assignment -name IO_STANDARD "3.3-V LVTTL" -to GPIO_0[5] -entity DE1_SoC was ignored
    Warning (20014): Assignment for entity set_instance_assignment -name IO_STANDARD "3.3-V LVTTL" -to GPIO_0[6] -entity DE1_SoC was ignored
    Warning (20014): Assignment for entity set_instance_assignment -name IO_STANDARD "3.3-V LVTTL" -to GPIO_0[7] -entity DE1_SoC was ignored
    Warning (20014): Assignment for entity set_instance_assignment -name IO_STANDARD "3.3-V LVTTL" -to GPIO_0[8] -entity DE1_SoC was ignored
    Warning (20014): Assignment for entity set_instance_assignment -name IO_STANDARD "3.3-V LVTTL" -to GPIO_0[9] -entity DE1_SoC was ignored
    Warning (20014): Assignment for entity set_instance_assignment -name IO_STANDARD "3.3-V LVTTL" -to GPIO_1[0] -entity DE1_SoC was ignored
    Warning (20014): Assignment for entity set_instance_assignment -name IO_STANDARD "3.3-V LVTTL" -to GPIO_1[10] -entity DE1_SoC was ignored
    Warning (20014): Assignment for entity set_instance_assignment -name IO_STANDARD "3.3-V LVTTL" -to GPIO_1[11] -entity DE1_SoC was ignored
    Warning (20014): Assignment for entity set_instance_assignment -name IO_STANDARD "3.3-V LVTTL" -to GPIO_1[12] -entity DE1_SoC was ignored
    Warning (20014): Assignment for entity set_instance_assignment -name IO_STANDARD "3.3-V LVTTL" -to GPIO_1[13] -entity DE1_SoC was ignored
    Warning (20014): Assignment for entity set_instance_assignment -name IO_STANDARD "3.3-V LVTTL" -to GPIO_1[14] -entity DE1_SoC was ignored
    Warning (20014): Assignment for entity set_instance_assignment -name IO_STANDARD "3.3-V LVTTL" -to GPIO_1[15] -entity DE1_SoC was ignored
    Warning (20014): Assignment for entity set_instance_assignment -name IO_STANDARD "3.3-V LVTTL" -to GPIO_1[16] -entity DE1_SoC was ignored
    Warning (20014): Assignment for entity set_instance_assignment -name IO_STANDARD "3.3-V LVTTL" -to GPIO_1[17] -entity DE1_SoC was ignored
    Warning (20014): Assignment for entity set_instance_assignment -name IO_STANDARD "3.3-V LVTTL" -to GPIO_1[18] -entity DE1_SoC was ignored
    Warning (20014): Assignment for entity set_instance_assignment -name IO_STANDARD "3.3-V LVTTL" -to GPIO_1[19] -entity DE1_SoC was ignored
    Warning (20014): Assignment for entity set_instance_assignment -name IO_STANDARD "3.3-V LVTTL" -to GPIO_1[1] -entity DE1_SoC was ignored
    Warning (20014): Assignment for entity set_instance_assignment -name IO_STANDARD "3.3-V LVTTL" -to GPIO_1[20] -entity DE1_SoC was ignored
    Warning (20014): Assignment for entity set_instance_assignment -name IO_STANDARD "3.3-V LVTTL" -to GPIO_1[21] -entity DE1_SoC was ignored
    Warning (20014): Assignment for entity set_instance_assignment -name IO_STANDARD "3.3-V LVTTL" -to GPIO_1[22] -entity DE1_SoC was ignored
    Warning (20014): Assignment for entity set_instance_assignment -name IO_STANDARD "3.3-V LVTTL" -to GPIO_1[23] -entity DE1_SoC was ignored
    Warning (20014): Assignment for entity set_instance_assignment -name IO_STANDARD "3.3-V LVTTL" -to GPIO_1[24] -entity DE1_SoC was ignored
    Warning (20014): Assignment for entity set_instance_assignment -name IO_STANDARD "3.3-V LVTTL" -to GPIO_1[25] -entity DE1_SoC was ignored
    Warning (20014): Assignment for entity set_instance_assignment -name IO_STANDARD "3.3-V LVTTL" -to GPIO_1[26] -entity DE1_SoC was ignored
    Warning (20014): Assignment for entity set_instance_assignment -name IO_STANDARD "3.3-V LVTTL" -to GPIO_1[27] -entity DE1_SoC was ignored
    Warning (20014): Assignment for entity set_instance_assignment -name IO_STANDARD "3.3-V LVTTL" -to GPIO_1[28] -entity DE1_SoC was ignored
    Warning (20014): Assignment for entity set_instance_assignment -name IO_STANDARD "3.3-V LVTTL" -to GPIO_1[29] -entity DE1_SoC was ignored
    Warning (20014): Assignment for entity set_instance_assignment -name IO_STANDARD "3.3-V LVTTL" -to GPIO_1[2] -entity DE1_SoC was ignored
    Warning (20014): Assignment for entity set_instance_assignment -name IO_STANDARD "3.3-V LVTTL" -to GPIO_1[30] -entity DE1_SoC was ignored
    Warning (20014): Assignment for entity set_instance_assignment -name IO_STANDARD "3.3-V LVTTL" -to GPIO_1[31] -entity DE1_SoC was ignored
    Warning (20014): Assignment for entity set_instance_assignment -name IO_STANDARD "3.3-V LVTTL" -to GPIO_1[32] -entity DE1_SoC was ignored
    Warning (20014): Assignment for entity set_instance_assignment -name IO_STANDARD "3.3-V LVTTL" -to GPIO_1[33] -entity DE1_SoC was ignored
    Warning (20014): Assignment for entity set_instance_assignment -name IO_STANDARD "3.3-V LVTTL" -to GPIO_1[34] -entity DE1_SoC was ignored
    Warning (20014): Assignment for entity set_instance_assignment -name IO_STANDARD "3.3-V LVTTL" -to GPIO_1[35] -entity DE1_SoC was ignored
    Warning (20014): Assignment for entity set_instance_assignment -name IO_STANDARD "3.3-V LVTTL" -to GPIO_1[3] -entity DE1_SoC was ignored
    Warning (20014): Assignment for entity set_instance_assignment -name IO_STANDARD "3.3-V LVTTL" -to GPIO_1[4] -entity DE1_SoC was ignored
    Warning (20014): Assignment for entity set_instance_assignment -name IO_STANDARD "3.3-V LVTTL" -to GPIO_1[5] -entity DE1_SoC was ignored
    Warning (20014): Assignment for entity set_instance_assignment -name IO_STANDARD "3.3-V LVTTL" -to GPIO_1[6] -entity DE1_SoC was ignored
    Warning (20014): Assignment for entity set_instance_assignment -name IO_STANDARD "3.3-V LVTTL" -to GPIO_1[7] -entity DE1_SoC was ignored
    Warning (20014): Assignment for entity set_instance_assignment -name IO_STANDARD "3.3-V LVTTL" -to GPIO_1[8] -entity DE1_SoC was ignored
    Warning (20014): Assignment for entity set_instance_assignment -name IO_STANDARD "3.3-V LVTTL" -to GPIO_1[9] -entity DE1_SoC was ignored
    Warning (20014): Assignment for entity set_instance_assignment -name IO_STANDARD "3.3-V LVTTL" -to HEX0[0] -entity DE1_SoC was ignored
    Warning (20014): Assignment for entity set_instance_assignment -name IO_STANDARD "3.3-V LVTTL" -to HEX0[1] -entity DE1_SoC was ignored
    Warning (20014): Assignment for entity set_instance_assignment -name IO_STANDARD "3.3-V LVTTL" -to HEX0[2] -entity DE1_SoC was ignored
    Warning (20014): Assignment for entity set_instance_assignment -name IO_STANDARD "3.3-V LVTTL" -to HEX0[3] -entity DE1_SoC was ignored
    Warning (20014): Assignment for entity set_instance_assignment -name IO_STANDARD "3.3-V LVTTL" -to HEX0[4] -entity DE1_SoC was ignored
    Warning (20014): Assignment for entity set_instance_assignment -name IO_STANDARD "3.3-V LVTTL" -to HEX0[5] -entity DE1_SoC was ignored
    Warning (20014): Assignment for entity set_instance_assignment -name IO_STANDARD "3.3-V LVTTL" -to HEX0[6] -entity DE1_SoC was ignored
    Warning (20014): Assignment for entity set_instance_assignment -name IO_STANDARD "3.3-V LVTTL" -to HEX1[0] -entity DE1_SoC was ignored
    Warning (20014): Assignment for entity set_instance_assignment -name IO_STANDARD "3.3-V LVTTL" -to HEX1[1] -entity DE1_SoC was ignored
    Warning (20014): Assignment for entity set_instance_assignment -name IO_STANDARD "3.3-V LVTTL" -to HEX1[2] -entity DE1_SoC was ignored
    Warning (20014): Assignment for entity set_instance_assignment -name IO_STANDARD "3.3-V LVTTL" -to HEX1[3] -entity DE1_SoC was ignored
    Warning (20014): Assignment for entity set_instance_assignment -name IO_STANDARD "3.3-V LVTTL" -to HEX1[4] -entity DE1_SoC was ignored
    Warning (20014): Assignment for entity set_instance_assignment -name IO_STANDARD "3.3-V LVTTL" -to HEX1[5] -entity DE1_SoC was ignored
    Warning (20014): Assignment for entity set_instance_assignment -name IO_STANDARD "3.3-V LVTTL" -to HEX1[6] -entity DE1_SoC was ignored
    Warning (20014): Assignment for entity set_instance_assignment -name IO_STANDARD "3.3-V LVTTL" -to HEX2[0] -entity DE1_SoC was ignored
    Warning (20014): Assignment for entity set_instance_assignment -name IO_STANDARD "3.3-V LVTTL" -to HEX2[1] -entity DE1_SoC was ignored
    Warning (20014): Assignment for entity set_instance_assignment -name IO_STANDARD "3.3-V LVTTL" -to HEX2[2] -entity DE1_SoC was ignored
    Warning (20014): Assignment for entity set_instance_assignment -name IO_STANDARD "3.3-V LVTTL" -to HEX2[3] -entity DE1_SoC was ignored
    Warning (20014): Assignment for entity set_instance_assignment -name IO_STANDARD "3.3-V LVTTL" -to HEX2[4] -entity DE1_SoC was ignored
    Warning (20014): Assignment for entity set_instance_assignment -name IO_STANDARD "3.3-V LVTTL" -to HEX2[5] -entity DE1_SoC was ignored
    Warning (20014): Assignment for entity set_instance_assignment -name IO_STANDARD "3.3-V LVTTL" -to HEX2[6] -entity DE1_SoC was ignored
    Warning (20014): Assignment for entity set_instance_assignment -name IO_STANDARD "3.3-V LVTTL" -to HEX3[0] -entity DE1_SoC was ignored
    Warning (20014): Assignment for entity set_instance_assignment -name IO_STANDARD "3.3-V LVTTL" -to HEX3[1] -entity DE1_SoC was ignored
    Warning (20014): Assignment for entity set_instance_assignment -name IO_STANDARD "3.3-V LVTTL" -to HEX3[2] -entity DE1_SoC was ignored
    Warning (20014): Assignment for entity set_instance_assignment -name IO_STANDARD "3.3-V LVTTL" -to HEX3[3] -entity DE1_SoC was ignored
    Warning (20014): Assignment for entity set_instance_assignment -name IO_STANDARD "3.3-V LVTTL" -to HEX3[4] -entity DE1_SoC was ignored
    Warning (20014): Assignment for entity set_instance_assignment -name IO_STANDARD "3.3-V LVTTL" -to HEX3[5] -entity DE1_SoC was ignored
    Warning (20014): Assignment for entity set_instance_assignment -name IO_STANDARD "3.3-V LVTTL" -to HEX3[6] -entity DE1_SoC was ignored
    Warning (20014): Assignment for entity set_instance_assignment -name IO_STANDARD "3.3-V LVTTL" -to HEX4[0] -entity DE1_SoC was ignored
    Warning (20014): Assignment for entity set_instance_assignment -name IO_STANDARD "3.3-V LVTTL" -to HEX4[1] -entity DE1_SoC was ignored
    Warning (20014): Assignment for entity set_instance_assignment -name IO_STANDARD "3.3-V LVTTL" -to HEX4[2] -entity DE1_SoC was ignored
    Warning (20014): Assignment for entity set_instance_assignment -name IO_STANDARD "3.3-V LVTTL" -to HEX4[3] -entity DE1_SoC was ignored
    Warning (20014): Assignment for entity set_instance_assignment -name IO_STANDARD "3.3-V LVTTL" -to HEX4[4] -entity DE1_SoC was ignored
    Warning (20014): Assignment for entity set_instance_assignment -name IO_STANDARD "3.3-V LVTTL" -to HEX4[5] -entity DE1_SoC was ignored
    Warning (20014): Assignment for entity set_instance_assignment -name IO_STANDARD "3.3-V LVTTL" -to HEX4[6] -entity DE1_SoC was ignored
    Warning (20014): Assignment for entity set_instance_assignment -name IO_STANDARD "3.3-V LVTTL" -to HEX5[0] -entity DE1_SoC was ignored
    Warning (20014): Assignment for entity set_instance_assignment -name IO_STANDARD "3.3-V LVTTL" -to HEX5[1] -entity DE1_SoC was ignored
    Warning (20014): Assignment for entity set_instance_assignment -name IO_STANDARD "3.3-V LVTTL" -to HEX5[2] -entity DE1_SoC was ignored
    Warning (20014): Assignment for entity set_instance_assignment -name IO_STANDARD "3.3-V LVTTL" -to HEX5[3] -entity DE1_SoC was ignored
    Warning (20014): Assignment for entity set_instance_assignment -name IO_STANDARD "3.3-V LVTTL" -to HEX5[4] -entity DE1_SoC was ignored
    Warning (20014): Assignment for entity set_instance_assignment -name IO_STANDARD "3.3-V LVTTL" -to HEX5[5] -entity DE1_SoC was ignored
    Warning (20014): Assignment for entity set_instance_assignment -name IO_STANDARD "3.3-V LVTTL" -to HEX5[6] -entity DE1_SoC was ignored
    Warning (20014): Assignment for entity set_instance_assignment -name IO_STANDARD "3.3-V LVTTL" -to HPS_CONV_USB_N -entity DE1_SoC was ignored
    Warning (20014): Assignment for entity set_instance_assignment -name IO_STANDARD "SSTL-15 CLASS I" -to HPS_DDR3_ADDR[0] -entity DE1_SoC was ignored
    Warning (20014): Assignment for entity set_instance_assignment -name IO_STANDARD "SSTL-15 CLASS I" -to HPS_DDR3_ADDR[10] -entity DE1_SoC was ignored
    Warning (20014): Assignment for entity set_instance_assignment -name IO_STANDARD "SSTL-15 CLASS I" -to HPS_DDR3_ADDR[11] -entity DE1_SoC was ignored
    Warning (20014): Assignment for entity set_instance_assignment -name IO_STANDARD "SSTL-15 CLASS I" -to HPS_DDR3_ADDR[12] -entity DE1_SoC was ignored
    Warning (20014): Assignment for entity set_instance_assignment -name IO_STANDARD "SSTL-15 CLASS I" -to HPS_DDR3_ADDR[13] -entity DE1_SoC was ignored
    Warning (20014): Assignment for entity set_instance_assignment -name IO_STANDARD "SSTL-15 CLASS I" -to HPS_DDR3_ADDR[14] -entity DE1_SoC was ignored
    Warning (20014): Assignment for entity set_instance_assignment -name IO_STANDARD "SSTL-15 CLASS I" -to HPS_DDR3_ADDR[1] -entity DE1_SoC was ignored
    Warning (20014): Assignment for entity set_instance_assignment -name IO_STANDARD "SSTL-15 CLASS I" -to HPS_DDR3_ADDR[2] -entity DE1_SoC was ignored
    Warning (20014): Assignment for entity set_instance_assignment -name IO_STANDARD "SSTL-15 CLASS I" -to HPS_DDR3_ADDR[3] -entity DE1_SoC was ignored
    Warning (20014): Assignment for entity set_instance_assignment -name IO_STANDARD "SSTL-15 CLASS I" -to HPS_DDR3_ADDR[4] -entity DE1_SoC was ignored
    Warning (20014): Assignment for entity set_instance_assignment -name IO_STANDARD "SSTL-15 CLASS I" -to HPS_DDR3_ADDR[5] -entity DE1_SoC was ignored
    Warning (20014): Assignment for entity set_instance_assignment -name IO_STANDARD "SSTL-15 CLASS I" -to HPS_DDR3_ADDR[6] -entity DE1_SoC was ignored
    Warning (20014): Assignment for entity set_instance_assignment -name IO_STANDARD "SSTL-15 CLASS I" -to HPS_DDR3_ADDR[7] -entity DE1_SoC was ignored
    Warning (20014): Assignment for entity set_instance_assignment -name IO_STANDARD "SSTL-15 CLASS I" -to HPS_DDR3_ADDR[8] -entity DE1_SoC was ignored
    Warning (20014): Assignment for entity set_instance_assignment -name IO_STANDARD "SSTL-15 CLASS I" -to HPS_DDR3_ADDR[9] -entity DE1_SoC was ignored
    Warning (20014): Assignment for entity set_instance_assignment -name IO_STANDARD "SSTL-15 CLASS I" -to HPS_DDR3_BA[0] -entity DE1_SoC was ignored
    Warning (20014): Assignment for entity set_instance_assignment -name IO_STANDARD "SSTL-15 CLASS I" -to HPS_DDR3_BA[1] -entity DE1_SoC was ignored
    Warning (20014): Assignment for entity set_instance_assignment -name IO_STANDARD "SSTL-15 CLASS I" -to HPS_DDR3_BA[2] -entity DE1_SoC was ignored
    Warning (20014): Assignment for entity set_instance_assignment -name IO_STANDARD "SSTL-15 CLASS I" -to HPS_DDR3_CAS_N -entity DE1_SoC was ignored
    Warning (20014): Assignment for entity set_instance_assignment -name IO_STANDARD "SSTL-15 CLASS I" -to HPS_DDR3_CKE -entity DE1_SoC was ignored
    Warning (20014): Assignment for entity set_instance_assignment -name IO_STANDARD "DIFFERENTIAL 1.5-V SSTL CLASS I" -to HPS_DDR3_CK_N -entity DE1_SoC was ignored
    Warning (20014): Assignment for entity set_instance_assignment -name IO_STANDARD "DIFFERENTIAL 1.5-V SSTL CLASS I" -to HPS_DDR3_CK_P -entity DE1_SoC was ignored
    Warning (20014): Assignment for entity set_instance_assignment -name IO_STANDARD "SSTL-15 CLASS I" -to HPS_DDR3_CS_N -entity DE1_SoC was ignored
    Warning (20014): Assignment for entity set_instance_assignment -name IO_STANDARD "SSTL-15 CLASS I" -to HPS_DDR3_DM[0] -entity DE1_SoC was ignored
    Warning (20014): Assignment for entity set_instance_assignment -name IO_STANDARD "SSTL-15 CLASS I" -to HPS_DDR3_DM[1] -entity DE1_SoC was ignored
    Warning (20014): Assignment for entity set_instance_assignment -name IO_STANDARD "SSTL-15 CLASS I" -to HPS_DDR3_DM[2] -entity DE1_SoC was ignored
    Warning (20014): Assignment for entity set_instance_assignment -name IO_STANDARD "SSTL-15 CLASS I" -to HPS_DDR3_DM[3] -entity DE1_SoC was ignored
    Warning (20014): Assignment for entity set_instance_assignment -name IO_STANDARD "DIFFERENTIAL 1.5-V SSTL CLASS I" -to HPS_DDR3_DQS_N[0] -entity DE1_SoC was ignored
    Warning (20014): Assignment for entity set_instance_assignment -name IO_STANDARD "DIFFERENTIAL 1.5-V SSTL CLASS I" -to HPS_DDR3_DQS_N[1] -entity DE1_SoC was ignored
    Warning (20014): Assignment for entity set_instance_assignment -name IO_STANDARD "DIFFERENTIAL 1.5-V SSTL CLASS I" -to HPS_DDR3_DQS_N[2] -entity DE1_SoC was ignored
    Warning (20014): Assignment for entity set_instance_assignment -name IO_STANDARD "DIFFERENTIAL 1.5-V SSTL CLASS I" -to HPS_DDR3_DQS_N[3] -entity DE1_SoC was ignored
    Warning (20014): Assignment for entity set_instance_assignment -name IO_STANDARD "DIFFERENTIAL 1.5-V SSTL CLASS I" -to HPS_DDR3_DQS_P[0] -entity DE1_SoC was ignored
    Warning (20014): Assignment for entity set_instance_assignment -name IO_STANDARD "DIFFERENTIAL 1.5-V SSTL CLASS I" -to HPS_DDR3_DQS_P[1] -entity DE1_SoC was ignored
    Warning (20014): Assignment for entity set_instance_assignment -name IO_STANDARD "DIFFERENTIAL 1.5-V SSTL CLASS I" -to HPS_DDR3_DQS_P[2] -entity DE1_SoC was ignored
    Warning (20014): Assignment for entity set_instance_assignment -name IO_STANDARD "DIFFERENTIAL 1.5-V SSTL CLASS I" -to HPS_DDR3_DQS_P[3] -entity DE1_SoC was ignored
    Warning (20014): Assignment for entity set_instance_assignment -name IO_STANDARD "SSTL-15 CLASS I" -to HPS_DDR3_DQ[0] -entity DE1_SoC was ignored
    Warning (20014): Assignment for entity set_instance_assignment -name IO_STANDARD "SSTL-15 CLASS I" -to HPS_DDR3_DQ[10] -entity DE1_SoC was ignored
    Warning (20014): Assignment for entity set_instance_assignment -name IO_STANDARD "SSTL-15 CLASS I" -to HPS_DDR3_DQ[11] -entity DE1_SoC was ignored
    Warning (20014): Assignment for entity set_instance_assignment -name IO_STANDARD "SSTL-15 CLASS I" -to HPS_DDR3_DQ[12] -entity DE1_SoC was ignored
    Warning (20014): Assignment for entity set_instance_assignment -name IO_STANDARD "SSTL-15 CLASS I" -to HPS_DDR3_DQ[13] -entity DE1_SoC was ignored
    Warning (20014): Assignment for entity set_instance_assignment -name IO_STANDARD "SSTL-15 CLASS I" -to HPS_DDR3_DQ[14] -entity DE1_SoC was ignored
    Warning (20014): Assignment for entity set_instance_assignment -name IO_STANDARD "SSTL-15 CLASS I" -to HPS_DDR3_DQ[15] -entity DE1_SoC was ignored
    Warning (20014): Assignment for entity set_instance_assignment -name IO_STANDARD "SSTL-15 CLASS I" -to HPS_DDR3_DQ[16] -entity DE1_SoC was ignored
    Warning (20014): Assignment for entity set_instance_assignment -name IO_STANDARD "SSTL-15 CLASS I" -to HPS_DDR3_DQ[17] -entity DE1_SoC was ignored
    Warning (20014): Assignment for entity set_instance_assignment -name IO_STANDARD "SSTL-15 CLASS I" -to HPS_DDR3_DQ[18] -entity DE1_SoC was ignored
    Warning (20014): Assignment for entity set_instance_assignment -name IO_STANDARD "SSTL-15 CLASS I" -to HPS_DDR3_DQ[19] -entity DE1_SoC was ignored
    Warning (20014): Assignment for entity set_instance_assignment -name IO_STANDARD "SSTL-15 CLASS I" -to HPS_DDR3_DQ[1] -entity DE1_SoC was ignored
    Warning (20014): Assignment for entity set_instance_assignment -name IO_STANDARD "SSTL-15 CLASS I" -to HPS_DDR3_DQ[20] -entity DE1_SoC was ignored
    Warning (20014): Assignment for entity set_instance_assignment -name IO_STANDARD "SSTL-15 CLASS I" -to HPS_DDR3_DQ[21] -entity DE1_SoC was ignored
    Warning (20014): Assignment for entity set_instance_assignment -name IO_STANDARD "SSTL-15 CLASS I" -to HPS_DDR3_DQ[22] -entity DE1_SoC was ignored
    Warning (20014): Assignment for entity set_instance_assignment -name IO_STANDARD "SSTL-15 CLASS I" -to HPS_DDR3_DQ[23] -entity DE1_SoC was ignored
    Warning (20014): Assignment for entity set_instance_assignment -name IO_STANDARD "SSTL-15 CLASS I" -to HPS_DDR3_DQ[24] -entity DE1_SoC was ignored
    Warning (20014): Assignment for entity set_instance_assignment -name IO_STANDARD "SSTL-15 CLASS I" -to HPS_DDR3_DQ[25] -entity DE1_SoC was ignored
    Warning (20014): Assignment for entity set_instance_assignment -name IO_STANDARD "SSTL-15 CLASS I" -to HPS_DDR3_DQ[26] -entity DE1_SoC was ignored
    Warning (20014): Assignment for entity set_instance_assignment -name IO_STANDARD "SSTL-15 CLASS I" -to HPS_DDR3_DQ[27] -entity DE1_SoC was ignored
    Warning (20014): Assignment for entity set_instance_assignment -name IO_STANDARD "SSTL-15 CLASS I" -to HPS_DDR3_DQ[28] -entity DE1_SoC was ignored
    Warning (20014): Assignment for entity set_instance_assignment -name IO_STANDARD "SSTL-15 CLASS I" -to HPS_DDR3_DQ[29] -entity DE1_SoC was ignored
    Warning (20014): Assignment for entity set_instance_assignment -name IO_STANDARD "SSTL-15 CLASS I" -to HPS_DDR3_DQ[2] -entity DE1_SoC was ignored
    Warning (20014): Assignment for entity set_instance_assignment -name IO_STANDARD "SSTL-15 CLASS I" -to HPS_DDR3_DQ[30] -entity DE1_SoC was ignored
    Warning (20014): Assignment for entity set_instance_assignment -name IO_STANDARD "SSTL-15 CLASS I" -to HPS_DDR3_DQ[31] -entity DE1_SoC was ignored
    Warning (20014): Assignment for entity set_instance_assignment -name IO_STANDARD "SSTL-15 CLASS I" -to HPS_DDR3_DQ[3] -entity DE1_SoC was ignored
    Warning (20014): Assignment for entity set_instance_assignment -name IO_STANDARD "SSTL-15 CLASS I" -to HPS_DDR3_DQ[4] -entity DE1_SoC was ignored
    Warning (20014): Assignment for entity set_instance_assignment -name IO_STANDARD "SSTL-15 CLASS I" -to HPS_DDR3_DQ[5] -entity DE1_SoC was ignored
    Warning (20014): Assignment for entity set_instance_assignment -name IO_STANDARD "SSTL-15 CLASS I" -to HPS_DDR3_DQ[6] -entity DE1_SoC was ignored
    Warning (20014): Assignment for entity set_instance_assignment -name IO_STANDARD "SSTL-15 CLASS I" -to HPS_DDR3_DQ[7] -entity DE1_SoC was ignored
    Warning (20014): Assignment for entity set_instance_assignment -name IO_STANDARD "SSTL-15 CLASS I" -to HPS_DDR3_DQ[8] -entity DE1_SoC was ignored
    Warning (20014): Assignment for entity set_instance_assignment -name IO_STANDARD "SSTL-15 CLASS I" -to HPS_DDR3_DQ[9] -entity DE1_SoC was ignored
    Warning (20014): Assignment for entity set_instance_assignment -name IO_STANDARD "SSTL-15 CLASS I" -to HPS_DDR3_ODT -entity DE1_SoC was ignored
    Warning (20014): Assignment for entity set_instance_assignment -name IO_STANDARD "SSTL-15 CLASS I" -to HPS_DDR3_RAS_N -entity DE1_SoC was ignored
    Warning (20014): Assignment for entity set_instance_assignment -name IO_STANDARD "SSTL-15 CLASS I" -to HPS_DDR3_RESET_N -entity DE1_SoC was ignored
    Warning (20014): Assignment for entity set_instance_assignment -name IO_STANDARD "SSTL-15 CLASS I" -to HPS_DDR3_RZQ -entity DE1_SoC was ignored
    Warning (20014): Assignment for entity set_instance_assignment -name IO_STANDARD "SSTL-15 CLASS I" -to HPS_DDR3_WE_N -entity DE1_SoC was ignored
    Warning (20014): Assignment for entity set_instance_assignment -name IO_STANDARD "3.3-V LVTTL" -to HPS_ENET_GTX_CLK -entity DE1_SoC was ignored
    Warning (20014): Assignment for entity set_instance_assignment -name IO_STANDARD "3.3-V LVTTL" -to HPS_ENET_INT_N -entity DE1_SoC was ignored
    Warning (20014): Assignment for entity set_instance_assignment -name IO_STANDARD "3.3-V LVTTL" -to HPS_ENET_MDC -entity DE1_SoC was ignored
    Warning (20014): Assignment for entity set_instance_assignment -name IO_STANDARD "3.3-V LVTTL" -to HPS_ENET_MDIO -entity DE1_SoC was ignored
    Warning (20014): Assignment for entity set_instance_assignment -name IO_STANDARD "3.3-V LVTTL" -to HPS_ENET_RX_CLK -entity DE1_SoC was ignored
    Warning (20014): Assignment for entity set_instance_assignment -name IO_STANDARD "3.3-V LVTTL" -to HPS_ENET_RX_DATA[0] -entity DE1_SoC was ignored
    Warning (20014): Assignment for entity set_instance_assignment -name IO_STANDARD "3.3-V LVTTL" -to HPS_ENET_RX_DATA[1] -entity DE1_SoC was ignored
    Warning (20014): Assignment for entity set_instance_assignment -name IO_STANDARD "3.3-V LVTTL" -to HPS_ENET_RX_DATA[2] -entity DE1_SoC was ignored
    Warning (20014): Assignment for entity set_instance_assignment -name IO_STANDARD "3.3-V LVTTL" -to HPS_ENET_RX_DATA[3] -entity DE1_SoC was ignored
    Warning (20014): Assignment for entity set_instance_assignment -name IO_STANDARD "3.3-V LVTTL" -to HPS_ENET_RX_DV -entity DE1_SoC was ignored
    Warning (20014): Assignment for entity set_instance_assignment -name IO_STANDARD "3.3-V LVTTL" -to HPS_ENET_TX_DATA[0] -entity DE1_SoC was ignored
    Warning (20014): Assignment for entity set_instance_assignment -name IO_STANDARD "3.3-V LVTTL" -to HPS_ENET_TX_DATA[1] -entity DE1_SoC was ignored
    Warning (20014): Assignment for entity set_instance_assignment -name IO_STANDARD "3.3-V LVTTL" -to HPS_ENET_TX_DATA[2] -entity DE1_SoC was ignored
    Warning (20014): Assignment for entity set_instance_assignment -name IO_STANDARD "3.3-V LVTTL" -to HPS_ENET_TX_DATA[3] -entity DE1_SoC was ignored
    Warning (20014): Assignment for entity set_instance_assignment -name IO_STANDARD "3.3-V LVTTL" -to HPS_ENET_TX_EN -entity DE1_SoC was ignored
    Warning (20014): Assignment for entity set_instance_assignment -name IO_STANDARD "3.3-V LVTTL" -to HPS_FLASH_DATA[0] -entity DE1_SoC was ignored
    Warning (20014): Assignment for entity set_instance_assignment -name IO_STANDARD "3.3-V LVTTL" -to HPS_FLASH_DATA[1] -entity DE1_SoC was ignored
    Warning (20014): Assignment for entity set_instance_assignment -name IO_STANDARD "3.3-V LVTTL" -to HPS_FLASH_DATA[2] -entity DE1_SoC was ignored
    Warning (20014): Assignment for entity set_instance_assignment -name IO_STANDARD "3.3-V LVTTL" -to HPS_FLASH_DATA[3] -entity DE1_SoC was ignored
    Warning (20014): Assignment for entity set_instance_assignment -name IO_STANDARD "3.3-V LVTTL" -to HPS_FLASH_DCLK -entity DE1_SoC was ignored
    Warning (20014): Assignment for entity set_instance_assignment -name IO_STANDARD "3.3-V LVTTL" -to HPS_FLASH_NCSO -entity DE1_SoC was ignored
    Warning (20014): Assignment for entity set_instance_assignment -name IO_STANDARD "3.3-V LVTTL" -to HPS_GPIO[0] -entity DE1_SoC was ignored
    Warning (20014): Assignment for entity set_instance_assignment -name IO_STANDARD "3.3-V LVTTL" -to HPS_GPIO[1] -entity DE1_SoC was ignored
    Warning (20014): Assignment for entity set_instance_assignment -name IO_STANDARD "3.3-V LVTTL" -to HPS_GSENSOR_INT -entity DE1_SoC was ignored
    Warning (20014): Assignment for entity set_instance_assignment -name IO_STANDARD "3.3-V LVTTL" -to HPS_I2C1_SCLK -entity DE1_SoC was ignored
    Warning (20014): Assignment for entity set_instance_assignment -name IO_STANDARD "3.3-V LVTTL" -to HPS_I2C1_SDAT -entity DE1_SoC was ignored
    Warning (20014): Assignment for entity set_instance_assignment -name IO_STANDARD "3.3-V LVTTL" -to HPS_I2C2_SCLK -entity DE1_SoC was ignored
    Warning (20014): Assignment for entity set_instance_assignment -name IO_STANDARD "3.3-V LVTTL" -to HPS_I2C2_SDAT -entity DE1_SoC was ignored
    Warning (20014): Assignment for entity set_instance_assignment -name IO_STANDARD "3.3-V LVTTL" -to HPS_I2C_CONTROL -entity DE1_SoC was ignored
    Warning (20014): Assignment for entity set_instance_assignment -name IO_STANDARD "3.3-V LVTTL" -to HPS_KEY -entity DE1_SoC was ignored
    Warning (20014): Assignment for entity set_instance_assignment -name IO_STANDARD "3.3-V LVTTL" -to HPS_LED -entity DE1_SoC was ignored
    Warning (20014): Assignment for entity set_instance_assignment -name IO_STANDARD "3.3-V LVTTL" -to HPS_LTC_GPIO -entity DE1_SoC was ignored
    Warning (20014): Assignment for entity set_instance_assignment -name IO_STANDARD "3.3-V LVTTL" -to HPS_SD_CLK -entity DE1_SoC was ignored
    Warning (20014): Assignment for entity set_instance_assignment -name IO_STANDARD "3.3-V LVTTL" -to HPS_SD_CMD -entity DE1_SoC was ignored
    Warning (20014): Assignment for entity set_instance_assignment -name IO_STANDARD "3.3-V LVTTL" -to HPS_SD_DATA[0] -entity DE1_SoC was ignored
    Warning (20014): Assignment for entity set_instance_assignment -name IO_STANDARD "3.3-V LVTTL" -to HPS_SD_DATA[1] -entity DE1_SoC was ignored
    Warning (20014): Assignment for entity set_instance_assignment -name IO_STANDARD "3.3-V LVTTL" -to HPS_SD_DATA[2] -entity DE1_SoC was ignored
    Warning (20014): Assignment for entity set_instance_assignment -name IO_STANDARD "3.3-V LVTTL" -to HPS_SD_DATA[3] -entity DE1_SoC was ignored
    Warning (20014): Assignment for entity set_instance_assignment -name IO_STANDARD "3.3-V LVTTL" -to HPS_SPIM_CLK -entity DE1_SoC was ignored
    Warning (20014): Assignment for entity set_instance_assignment -name IO_STANDARD "3.3-V LVTTL" -to HPS_SPIM_MISO -entity DE1_SoC was ignored
    Warning (20014): Assignment for entity set_instance_assignment -name IO_STANDARD "3.3-V LVTTL" -to HPS_SPIM_MOSI -entity DE1_SoC was ignored
    Warning (20014): Assignment for entity set_instance_assignment -name IO_STANDARD "3.3-V LVTTL" -to HPS_SPIM_SS -entity DE1_SoC was ignored
    Warning (20014): Assignment for entity set_instance_assignment -name IO_STANDARD "3.3-V LVTTL" -to HPS_UART_RX -entity DE1_SoC was ignored
    Warning (20014): Assignment for entity set_instance_assignment -name IO_STANDARD "3.3-V LVTTL" -to HPS_UART_TX -entity DE1_SoC was ignored
    Warning (20014): Assignment for entity set_instance_assignment -name IO_STANDARD "3.3-V LVTTL" -to HPS_USB_CLKOUT -entity DE1_SoC was ignored
    Warning (20014): Assignment for entity set_instance_assignment -name IO_STANDARD "3.3-V LVTTL" -to HPS_USB_DATA[0] -entity DE1_SoC was ignored
    Warning (20014): Assignment for entity set_instance_assignment -name IO_STANDARD "3.3-V LVTTL" -to HPS_USB_DATA[1] -entity DE1_SoC was ignored
    Warning (20014): Assignment for entity set_instance_assignment -name IO_STANDARD "3.3-V LVTTL" -to HPS_USB_DATA[2] -entity DE1_SoC was ignored
    Warning (20014): Assignment for entity set_instance_assignment -name IO_STANDARD "3.3-V LVTTL" -to HPS_USB_DATA[3] -entity DE1_SoC was ignored
    Warning (20014): Assignment for entity set_instance_assignment -name IO_STANDARD "3.3-V LVTTL" -to HPS_USB_DATA[4] -entity DE1_SoC was ignored
    Warning (20014): Assignment for entity set_instance_assignment -name IO_STANDARD "3.3-V LVTTL" -to HPS_USB_DATA[5] -entity DE1_SoC was ignored
    Warning (20014): Assignment for entity set_instance_assignment -name IO_STANDARD "3.3-V LVTTL" -to HPS_USB_DATA[6] -entity DE1_SoC was ignored
    Warning (20014): Assignment for entity set_instance_assignment -name IO_STANDARD "3.3-V LVTTL" -to HPS_USB_DATA[7] -entity DE1_SoC was ignored
    Warning (20014): Assignment for entity set_instance_assignment -name IO_STANDARD "3.3-V LVTTL" -to HPS_USB_DIR -entity DE1_SoC was ignored
    Warning (20014): Assignment for entity set_instance_assignment -name IO_STANDARD "3.3-V LVTTL" -to HPS_USB_NXT -entity DE1_SoC was ignored
    Warning (20014): Assignment for entity set_instance_assignment -name IO_STANDARD "3.3-V LVTTL" -to HPS_USB_STP -entity DE1_SoC was ignored
    Warning (20014): Assignment for entity set_instance_assignment -name IO_STANDARD "3.3-V LVTTL" -to IRDA_RXD -entity DE1_SoC was ignored
    Warning (20014): Assignment for entity set_instance_assignment -name IO_STANDARD "3.3-V LVTTL" -to IRDA_TXD -entity DE1_SoC was ignored
    Warning (20014): Assignment for entity set_instance_assignment -name IO_STANDARD "3.3-V LVTTL" -to KEY[0] -entity DE1_SoC was ignored
    Warning (20014): Assignment for entity set_instance_assignment -name IO_STANDARD "3.3-V LVTTL" -to KEY[1] -entity DE1_SoC was ignored
    Warning (20014): Assignment for entity set_instance_assignment -name IO_STANDARD "3.3-V LVTTL" -to KEY[2] -entity DE1_SoC was ignored
    Warning (20014): Assignment for entity set_instance_assignment -name IO_STANDARD "3.3-V LVTTL" -to KEY[3] -entity DE1_SoC was ignored
    Warning (20014): Assignment for entity set_instance_assignment -name IO_STANDARD "3.3-V LVTTL" -to LEDR[0] -entity DE1_SoC was ignored
    Warning (20014): Assignment for entity set_instance_assignment -name IO_STANDARD "3.3-V LVTTL" -to LEDR[1] -entity DE1_SoC was ignored
    Warning (20014): Assignment for entity set_instance_assignment -name IO_STANDARD "3.3-V LVTTL" -to LEDR[2] -entity DE1_SoC was ignored
    Warning (20014): Assignment for entity set_instance_assignment -name IO_STANDARD "3.3-V LVTTL" -to LEDR[3] -entity DE1_SoC was ignored
    Warning (20014): Assignment for entity set_instance_assignment -name IO_STANDARD "3.3-V LVTTL" -to LEDR[4] -entity DE1_SoC was ignored
    Warning (20014): Assignment for entity set_instance_assignment -name IO_STANDARD "3.3-V LVTTL" -to LEDR[5] -entity DE1_SoC was ignored
    Warning (20014): Assignment for entity set_instance_assignment -name IO_STANDARD "3.3-V LVTTL" -to LEDR[6] -entity DE1_SoC was ignored
    Warning (20014): Assignment for entity set_instance_assignment -name IO_STANDARD "3.3-V LVTTL" -to LEDR[7] -entity DE1_SoC was ignored
    Warning (20014): Assignment for entity set_instance_assignment -name IO_STANDARD "3.3-V LVTTL" -to LEDR[8] -entity DE1_SoC was ignored
    Warning (20014): Assignment for entity set_instance_assignment -name IO_STANDARD "3.3-V LVTTL" -to LEDR[9] -entity DE1_SoC was ignored
    Warning (20014): Assignment for entity set_instance_assignment -name IO_STANDARD "3.3-V LVTTL" -to PS2_CLK -entity DE1_SoC was ignored
    Warning (20014): Assignment for entity set_instance_assignment -name IO_STANDARD "3.3-V LVTTL" -to PS2_CLK2 -entity DE1_SoC was ignored
    Warning (20014): Assignment for entity set_instance_assignment -name IO_STANDARD "3.3-V LVTTL" -to PS2_DAT -entity DE1_SoC was ignored
    Warning (20014): Assignment for entity set_instance_assignment -name IO_STANDARD "3.3-V LVTTL" -to PS2_DAT2 -entity DE1_SoC was ignored
    Warning (20014): Assignment for entity set_instance_assignment -name IO_STANDARD "3.3-V LVTTL" -to SW[0] -entity DE1_SoC was ignored
    Warning (20014): Assignment for entity set_instance_assignment -name IO_STANDARD "3.3-V LVTTL" -to SW[1] -entity DE1_SoC was ignored
    Warning (20014): Assignment for entity set_instance_assignment -name IO_STANDARD "3.3-V LVTTL" -to SW[2] -entity DE1_SoC was ignored
    Warning (20014): Assignment for entity set_instance_assignment -name IO_STANDARD "3.3-V LVTTL" -to SW[3] -entity DE1_SoC was ignored
    Warning (20014): Assignment for entity set_instance_assignment -name IO_STANDARD "3.3-V LVTTL" -to SW[4] -entity DE1_SoC was ignored
    Warning (20014): Assignment for entity set_instance_assignment -name IO_STANDARD "3.3-V LVTTL" -to SW[5] -entity DE1_SoC was ignored
    Warning (20014): Assignment for entity set_instance_assignment -name IO_STANDARD "3.3-V LVTTL" -to SW[6] -entity DE1_SoC was ignored
    Warning (20014): Assignment for entity set_instance_assignment -name IO_STANDARD "3.3-V LVTTL" -to SW[7] -entity DE1_SoC was ignored
    Warning (20014): Assignment for entity set_instance_assignment -name IO_STANDARD "3.3-V LVTTL" -to SW[8] -entity DE1_SoC was ignored
    Warning (20014): Assignment for entity set_instance_assignment -name IO_STANDARD "3.3-V LVTTL" -to SW[9] -entity DE1_SoC was ignored
    Warning (20014): Assignment for entity set_instance_assignment -name IO_STANDARD "3.3-V LVTTL" -to TD_CLK27 -entity DE1_SoC was ignored
    Warning (20014): Assignment for entity set_instance_assignment -name IO_STANDARD "3.3-V LVTTL" -to TD_DATA[0] -entity DE1_SoC was ignored
    Warning (20014): Assignment for entity set_instance_assignment -name IO_STANDARD "3.3-V LVTTL" -to TD_DATA[1] -entity DE1_SoC was ignored
    Warning (20014): Assignment for entity set_instance_assignment -name IO_STANDARD "3.3-V LVTTL" -to TD_DATA[2] -entity DE1_SoC was ignored
    Warning (20014): Assignment for entity set_instance_assignment -name IO_STANDARD "3.3-V LVTTL" -to TD_DATA[3] -entity DE1_SoC was ignored
    Warning (20014): Assignment for entity set_instance_assignment -name IO_STANDARD "3.3-V LVTTL" -to TD_DATA[4] -entity DE1_SoC was ignored
    Warning (20014): Assignment for entity set_instance_assignment -name IO_STANDARD "3.3-V LVTTL" -to TD_DATA[5] -entity DE1_SoC was ignored
    Warning (20014): Assignment for entity set_instance_assignment -name IO_STANDARD "3.3-V LVTTL" -to TD_DATA[6] -entity DE1_SoC was ignored
    Warning (20014): Assignment for entity set_instance_assignment -name IO_STANDARD "3.3-V LVTTL" -to TD_DATA[7] -entity DE1_SoC was ignored
    Warning (20014): Assignment for entity set_instance_assignment -name IO_STANDARD "3.3-V LVTTL" -to TD_HS -entity DE1_SoC was ignored
    Warning (20014): Assignment for entity set_instance_assignment -name IO_STANDARD "3.3-V LVTTL" -to TD_RESET_N -entity DE1_SoC was ignored
    Warning (20014): Assignment for entity set_instance_assignment -name IO_STANDARD "3.3-V LVTTL" -to TD_VS -entity DE1_SoC was ignored
    Warning (20014): Assignment for entity set_instance_assignment -name IO_STANDARD "3.3-V LVTTL" -to USB_B2_CLK -entity DE1_SoC was ignored
    Warning (20014): Assignment for entity set_instance_assignment -name IO_STANDARD "3.3-V LVTTL" -to USB_B2_DATA[0] -entity DE1_SoC was ignored
    Warning (20014): Assignment for entity set_instance_assignment -name IO_STANDARD "3.3-V LVTTL" -to USB_B2_DATA[1] -entity DE1_SoC was ignored
    Warning (20014): Assignment for entity set_instance_assignment -name IO_STANDARD "3.3-V LVTTL" -to USB_B2_DATA[2] -entity DE1_SoC was ignored
    Warning (20014): Assignment for entity set_instance_assignment -name IO_STANDARD "3.3-V LVTTL" -to USB_B2_DATA[3] -entity DE1_SoC was ignored
    Warning (20014): Assignment for entity set_instance_assignment -name IO_STANDARD "3.3-V LVTTL" -to USB_B2_DATA[4] -entity DE1_SoC was ignored
    Warning (20014): Assignment for entity set_instance_assignment -name IO_STANDARD "3.3-V LVTTL" -to USB_B2_DATA[5] -entity DE1_SoC was ignored
    Warning (20014): Assignment for entity set_instance_assignment -name IO_STANDARD "3.3-V LVTTL" -to USB_B2_DATA[6] -entity DE1_SoC was ignored
    Warning (20014): Assignment for entity set_instance_assignment -name IO_STANDARD "3.3-V LVTTL" -to USB_B2_DATA[7] -entity DE1_SoC was ignored
    Warning (20014): Assignment for entity set_instance_assignment -name IO_STANDARD "3.3-V LVTTL" -to USB_EMPTY -entity DE1_SoC was ignored
    Warning (20014): Assignment for entity set_instance_assignment -name IO_STANDARD "3.3-V LVTTL" -to USB_FULL -entity DE1_SoC was ignored
    Warning (20014): Assignment for entity set_instance_assignment -name IO_STANDARD "3.3-V LVTTL" -to USB_OE_N -entity DE1_SoC was ignored
    Warning (20014): Assignment for entity set_instance_assignment -name IO_STANDARD "3.3-V LVTTL" -to USB_RD_N -entity DE1_SoC was ignored
    Warning (20014): Assignment for entity set_instance_assignment -name IO_STANDARD "3.3-V LVTTL" -to USB_RESET_N -entity DE1_SoC was ignored
    Warning (20014): Assignment for entity set_instance_assignment -name IO_STANDARD "3.3-V LVTTL" -to USB_SCL -entity DE1_SoC was ignored
    Warning (20014): Assignment for entity set_instance_assignment -name IO_STANDARD "3.3-V LVTTL" -to USB_SDA -entity DE1_SoC was ignored
    Warning (20014): Assignment for entity set_instance_assignment -name IO_STANDARD "3.3-V LVTTL" -to USB_WR_N -entity DE1_SoC was ignored
    Warning (20014): Assignment for entity set_instance_assignment -name IO_STANDARD "3.3-V LVTTL" -to VGA_BLANK_N -entity DE1_SoC was ignored
    Warning (20014): Assignment for entity set_instance_assignment -name IO_STANDARD "3.3-V LVTTL" -to VGA_B[0] -entity DE1_SoC was ignored
    Warning (20014): Assignment for entity set_instance_assignment -name IO_STANDARD "3.3-V LVTTL" -to VGA_B[1] -entity DE1_SoC was ignored
    Warning (20014): Assignment for entity set_instance_assignment -name IO_STANDARD "3.3-V LVTTL" -to VGA_B[2] -entity DE1_SoC was ignored
    Warning (20014): Assignment for entity set_instance_assignment -name IO_STANDARD "3.3-V LVTTL" -to VGA_B[3] -entity DE1_SoC was ignored
    Warning (20014): Assignment for entity set_instance_assignment -name IO_STANDARD "3.3-V LVTTL" -to VGA_B[4] -entity DE1_SoC was ignored
    Warning (20014): Assignment for entity set_instance_assignment -name IO_STANDARD "3.3-V LVTTL" -to VGA_B[5] -entity DE1_SoC was ignored
    Warning (20014): Assignment for entity set_instance_assignment -name IO_STANDARD "3.3-V LVTTL" -to VGA_B[6] -entity DE1_SoC was ignored
    Warning (20014): Assignment for entity set_instance_assignment -name IO_STANDARD "3.3-V LVTTL" -to VGA_B[7] -entity DE1_SoC was ignored
    Warning (20014): Assignment for entity set_instance_assignment -name IO_STANDARD "3.3-V LVTTL" -to VGA_CLK -entity DE1_SoC was ignored
    Warning (20014): Assignment for entity set_instance_assignment -name IO_STANDARD "3.3-V LVTTL" -to VGA_G[0] -entity DE1_SoC was ignored
    Warning (20014): Assignment for entity set_instance_assignment -name IO_STANDARD "3.3-V LVTTL" -to VGA_G[1] -entity DE1_SoC was ignored
    Warning (20014): Assignment for entity set_instance_assignment -name IO_STANDARD "3.3-V LVTTL" -to VGA_G[2] -entity DE1_SoC was ignored
    Warning (20014): Assignment for entity set_instance_assignment -name IO_STANDARD "3.3-V LVTTL" -to VGA_G[3] -entity DE1_SoC was ignored
    Warning (20014): Assignment for entity set_instance_assignment -name IO_STANDARD "3.3-V LVTTL" -to VGA_G[4] -entity DE1_SoC was ignored
    Warning (20014): Assignment for entity set_instance_assignment -name IO_STANDARD "3.3-V LVTTL" -to VGA_G[5] -entity DE1_SoC was ignored
    Warning (20014): Assignment for entity set_instance_assignment -name IO_STANDARD "3.3-V LVTTL" -to VGA_G[6] -entity DE1_SoC was ignored
    Warning (20014): Assignment for entity set_instance_assignment -name IO_STANDARD "3.3-V LVTTL" -to VGA_G[7] -entity DE1_SoC was ignored
    Warning (20014): Assignment for entity set_instance_assignment -name IO_STANDARD "3.3-V LVTTL" -to VGA_HS -entity DE1_SoC was ignored
    Warning (20014): Assignment for entity set_instance_assignment -name IO_STANDARD "3.3-V LVTTL" -to VGA_R[0] -entity DE1_SoC was ignored
    Warning (20014): Assignment for entity set_instance_assignment -name IO_STANDARD "3.3-V LVTTL" -to VGA_R[1] -entity DE1_SoC was ignored
    Warning (20014): Assignment for entity set_instance_assignment -name IO_STANDARD "3.3-V LVTTL" -to VGA_R[2] -entity DE1_SoC was ignored
    Warning (20014): Assignment for entity set_instance_assignment -name IO_STANDARD "3.3-V LVTTL" -to VGA_R[3] -entity DE1_SoC was ignored
    Warning (20014): Assignment for entity set_instance_assignment -name IO_STANDARD "3.3-V LVTTL" -to VGA_R[4] -entity DE1_SoC was ignored
    Warning (20014): Assignment for entity set_instance_assignment -name IO_STANDARD "3.3-V LVTTL" -to VGA_R[5] -entity DE1_SoC was ignored
    Warning (20014): Assignment for entity set_instance_assignment -name IO_STANDARD "3.3-V LVTTL" -to VGA_R[6] -entity DE1_SoC was ignored
    Warning (20014): Assignment for entity set_instance_assignment -name IO_STANDARD "3.3-V LVTTL" -to VGA_R[7] -entity DE1_SoC was ignored
    Warning (20014): Assignment for entity set_instance_assignment -name IO_STANDARD "3.3-V LVTTL" -to VGA_SYNC_N -entity DE1_SoC was ignored
    Warning (20014): Assignment for entity set_instance_assignment -name IO_STANDARD "3.3-V LVTTL" -to VGA_VS -entity DE1_SoC was ignored
    Warning (20014): Assignment for entity set_instance_assignment -name CURRENT_STRENGTH_NEW "MAXIMUM CURRENT" -to HPS_DDR3_ADDR[0] -entity DE1_SoC was ignored
    Warning (20014): Assignment for entity set_instance_assignment -name CURRENT_STRENGTH_NEW "MAXIMUM CURRENT" -to HPS_DDR3_ADDR[10] -entity DE1_SoC was ignored
    Warning (20014): Assignment for entity set_instance_assignment -name CURRENT_STRENGTH_NEW "MAXIMUM CURRENT" -to HPS_DDR3_ADDR[11] -entity DE1_SoC was ignored
    Warning (20014): Assignment for entity set_instance_assignment -name CURRENT_STRENGTH_NEW "MAXIMUM CURRENT" -to HPS_DDR3_ADDR[12] -entity DE1_SoC was ignored
    Warning (20014): Assignment for entity set_instance_assignment -name CURRENT_STRENGTH_NEW "MAXIMUM CURRENT" -to HPS_DDR3_ADDR[13] -entity DE1_SoC was ignored
    Warning (20014): Assignment for entity set_instance_assignment -name CURRENT_STRENGTH_NEW "MAXIMUM CURRENT" -to HPS_DDR3_ADDR[14] -entity DE1_SoC was ignored
    Warning (20014): Assignment for entity set_instance_assignment -name CURRENT_STRENGTH_NEW "MAXIMUM CURRENT" -to HPS_DDR3_ADDR[1] -entity DE1_SoC was ignored
    Warning (20014): Assignment for entity set_instance_assignment -name CURRENT_STRENGTH_NEW "MAXIMUM CURRENT" -to HPS_DDR3_ADDR[2] -entity DE1_SoC was ignored
    Warning (20014): Assignment for entity set_instance_assignment -name CURRENT_STRENGTH_NEW "MAXIMUM CURRENT" -to HPS_DDR3_ADDR[3] -entity DE1_SoC was ignored
    Warning (20014): Assignment for entity set_instance_assignment -name CURRENT_STRENGTH_NEW "MAXIMUM CURRENT" -to HPS_DDR3_ADDR[4] -entity DE1_SoC was ignored
    Warning (20014): Assignment for entity set_instance_assignment -name CURRENT_STRENGTH_NEW "MAXIMUM CURRENT" -to HPS_DDR3_ADDR[5] -entity DE1_SoC was ignored
    Warning (20014): Assignment for entity set_instance_assignment -name CURRENT_STRENGTH_NEW "MAXIMUM CURRENT" -to HPS_DDR3_ADDR[6] -entity DE1_SoC was ignored
    Warning (20014): Assignment for entity set_instance_assignment -name CURRENT_STRENGTH_NEW "MAXIMUM CURRENT" -to HPS_DDR3_ADDR[7] -entity DE1_SoC was ignored
    Warning (20014): Assignment for entity set_instance_assignment -name CURRENT_STRENGTH_NEW "MAXIMUM CURRENT" -to HPS_DDR3_ADDR[8] -entity DE1_SoC was ignored
    Warning (20014): Assignment for entity set_instance_assignment -name CURRENT_STRENGTH_NEW "MAXIMUM CURRENT" -to HPS_DDR3_ADDR[9] -entity DE1_SoC was ignored
    Warning (20014): Assignment for entity set_instance_assignment -name CURRENT_STRENGTH_NEW "MAXIMUM CURRENT" -to HPS_DDR3_BA[0] -entity DE1_SoC was ignored
    Warning (20014): Assignment for entity set_instance_assignment -name CURRENT_STRENGTH_NEW "MAXIMUM CURRENT" -to HPS_DDR3_BA[1] -entity DE1_SoC was ignored
    Warning (20014): Assignment for entity set_instance_assignment -name CURRENT_STRENGTH_NEW "MAXIMUM CURRENT" -to HPS_DDR3_BA[2] -entity DE1_SoC was ignored
    Warning (20014): Assignment for entity set_instance_assignment -name CURRENT_STRENGTH_NEW "MAXIMUM CURRENT" -to HPS_DDR3_CAS_N -entity DE1_SoC was ignored
    Warning (20014): Assignment for entity set_instance_assignment -name CURRENT_STRENGTH_NEW "MAXIMUM CURRENT" -to HPS_DDR3_CKE -entity DE1_SoC was ignored
    Warning (20014): Assignment for entity set_instance_assignment -name CURRENT_STRENGTH_NEW "MAXIMUM CURRENT" -to HPS_DDR3_CS_N -entity DE1_SoC was ignored
    Warning (20014): Assignment for entity set_instance_assignment -name CURRENT_STRENGTH_NEW "MAXIMUM CURRENT" -to HPS_DDR3_ODT -entity DE1_SoC was ignored
    Warning (20014): Assignment for entity set_instance_assignment -name CURRENT_STRENGTH_NEW "MAXIMUM CURRENT" -to HPS_DDR3_RAS_N -entity DE1_SoC was ignored
    Warning (20014): Assignment for entity set_instance_assignment -name CURRENT_STRENGTH_NEW "MAXIMUM CURRENT" -to HPS_DDR3_RESET_N -entity DE1_SoC was ignored
    Warning (20014): Assignment for entity set_instance_assignment -name CURRENT_STRENGTH_NEW "MAXIMUM CURRENT" -to HPS_DDR3_WE_N -entity DE1_SoC was ignored
    Warning (20014): Assignment for entity set_instance_assignment -name INPUT_TERMINATION "PARALLEL 50 OHM WITH CALIBRATION" -to HPS_DDR3_DQS_N[0] -entity DE1_SoC was ignored
    Warning (20014): Assignment for entity set_instance_assignment -name INPUT_TERMINATION "PARALLEL 50 OHM WITH CALIBRATION" -to HPS_DDR3_DQS_N[1] -entity DE1_SoC was ignored
    Warning (20014): Assignment for entity set_instance_assignment -name INPUT_TERMINATION "PARALLEL 50 OHM WITH CALIBRATION" -to HPS_DDR3_DQS_N[2] -entity DE1_SoC was ignored
    Warning (20014): Assignment for entity set_instance_assignment -name INPUT_TERMINATION "PARALLEL 50 OHM WITH CALIBRATION" -to HPS_DDR3_DQS_N[3] -entity DE1_SoC was ignored
    Warning (20014): Assignment for entity set_instance_assignment -name INPUT_TERMINATION "PARALLEL 50 OHM WITH CALIBRATION" -to HPS_DDR3_DQS_P[0] -entity DE1_SoC was ignored
    Warning (20014): Assignment for entity set_instance_assignment -name INPUT_TERMINATION "PARALLEL 50 OHM WITH CALIBRATION" -to HPS_DDR3_DQS_P[1] -entity DE1_SoC was ignored
    Warning (20014): Assignment for entity set_instance_assignment -name INPUT_TERMINATION "PARALLEL 50 OHM WITH CALIBRATION" -to HPS_DDR3_DQS_P[2] -entity DE1_SoC was ignored
    Warning (20014): Assignment for entity set_instance_assignment -name INPUT_TERMINATION "PARALLEL 50 OHM WITH CALIBRATION" -to HPS_DDR3_DQS_P[3] -entity DE1_SoC was ignored
    Warning (20014): Assignment for entity set_instance_assignment -name INPUT_TERMINATION "PARALLEL 50 OHM WITH CALIBRATION" -to HPS_DDR3_DQ[0] -entity DE1_SoC was ignored
    Warning (20014): Assignment for entity set_instance_assignment -name INPUT_TERMINATION "PARALLEL 50 OHM WITH CALIBRATION" -to HPS_DDR3_DQ[10] -entity DE1_SoC was ignored
    Warning (20014): Assignment for entity set_instance_assignment -name INPUT_TERMINATION "PARALLEL 50 OHM WITH CALIBRATION" -to HPS_DDR3_DQ[11] -entity DE1_SoC was ignored
    Warning (20014): Assignment for entity set_instance_assignment -name INPUT_TERMINATION "PARALLEL 50 OHM WITH CALIBRATION" -to HPS_DDR3_DQ[12] -entity DE1_SoC was ignored
    Warning (20014): Assignment for entity set_instance_assignment -name INPUT_TERMINATION "PARALLEL 50 OHM WITH CALIBRATION" -to HPS_DDR3_DQ[13] -entity DE1_SoC was ignored
    Warning (20014): Assignment for entity set_instance_assignment -name INPUT_TERMINATION "PARALLEL 50 OHM WITH CALIBRATION" -to HPS_DDR3_DQ[14] -entity DE1_SoC was ignored
    Warning (20014): Assignment for entity set_instance_assignment -name INPUT_TERMINATION "PARALLEL 50 OHM WITH CALIBRATION" -to HPS_DDR3_DQ[15] -entity DE1_SoC was ignored
    Warning (20014): Assignment for entity set_instance_assignment -name INPUT_TERMINATION "PARALLEL 50 OHM WITH CALIBRATION" -to HPS_DDR3_DQ[16] -entity DE1_SoC was ignored
    Warning (20014): Assignment for entity set_instance_assignment -name INPUT_TERMINATION "PARALLEL 50 OHM WITH CALIBRATION" -to HPS_DDR3_DQ[17] -entity DE1_SoC was ignored
    Warning (20014): Assignment for entity set_instance_assignment -name INPUT_TERMINATION "PARALLEL 50 OHM WITH CALIBRATION" -to HPS_DDR3_DQ[18] -entity DE1_SoC was ignored
    Warning (20014): Assignment for entity set_instance_assignment -name INPUT_TERMINATION "PARALLEL 50 OHM WITH CALIBRATION" -to HPS_DDR3_DQ[19] -entity DE1_SoC was ignored
    Warning (20014): Assignment for entity set_instance_assignment -name INPUT_TERMINATION "PARALLEL 50 OHM WITH CALIBRATION" -to HPS_DDR3_DQ[1] -entity DE1_SoC was ignored
    Warning (20014): Assignment for entity set_instance_assignment -name INPUT_TERMINATION "PARALLEL 50 OHM WITH CALIBRATION" -to HPS_DDR3_DQ[20] -entity DE1_SoC was ignored
    Warning (20014): Assignment for entity set_instance_assignment -name INPUT_TERMINATION "PARALLEL 50 OHM WITH CALIBRATION" -to HPS_DDR3_DQ[21] -entity DE1_SoC was ignored
    Warning (20014): Assignment for entity set_instance_assignment -name INPUT_TERMINATION "PARALLEL 50 OHM WITH CALIBRATION" -to HPS_DDR3_DQ[22] -entity DE1_SoC was ignored
    Warning (20014): Assignment for entity set_instance_assignment -name INPUT_TERMINATION "PARALLEL 50 OHM WITH CALIBRATION" -to HPS_DDR3_DQ[23] -entity DE1_SoC was ignored
    Warning (20014): Assignment for entity set_instance_assignment -name INPUT_TERMINATION "PARALLEL 50 OHM WITH CALIBRATION" -to HPS_DDR3_DQ[24] -entity DE1_SoC was ignored
    Warning (20014): Assignment for entity set_instance_assignment -name INPUT_TERMINATION "PARALLEL 50 OHM WITH CALIBRATION" -to HPS_DDR3_DQ[25] -entity DE1_SoC was ignored
    Warning (20014): Assignment for entity set_instance_assignment -name INPUT_TERMINATION "PARALLEL 50 OHM WITH CALIBRATION" -to HPS_DDR3_DQ[26] -entity DE1_SoC was ignored
    Warning (20014): Assignment for entity set_instance_assignment -name INPUT_TERMINATION "PARALLEL 50 OHM WITH CALIBRATION" -to HPS_DDR3_DQ[27] -entity DE1_SoC was ignored
    Warning (20014): Assignment for entity set_instance_assignment -name INPUT_TERMINATION "PARALLEL 50 OHM WITH CALIBRATION" -to HPS_DDR3_DQ[28] -entity DE1_SoC was ignored
    Warning (20014): Assignment for entity set_instance_assignment -name INPUT_TERMINATION "PARALLEL 50 OHM WITH CALIBRATION" -to HPS_DDR3_DQ[29] -entity DE1_SoC was ignored
    Warning (20014): Assignment for entity set_instance_assignment -name INPUT_TERMINATION "PARALLEL 50 OHM WITH CALIBRATION" -to HPS_DDR3_DQ[2] -entity DE1_SoC was ignored
    Warning (20014): Assignment for entity set_instance_assignment -name INPUT_TERMINATION "PARALLEL 50 OHM WITH CALIBRATION" -to HPS_DDR3_DQ[30] -entity DE1_SoC was ignored
    Warning (20014): Assignment for entity set_instance_assignment -name INPUT_TERMINATION "PARALLEL 50 OHM WITH CALIBRATION" -to HPS_DDR3_DQ[31] -entity DE1_SoC was ignored
    Warning (20014): Assignment for entity set_instance_assignment -name INPUT_TERMINATION "PARALLEL 50 OHM WITH CALIBRATION" -to HPS_DDR3_DQ[3] -entity DE1_SoC was ignored
    Warning (20014): Assignment for entity set_instance_assignment -name INPUT_TERMINATION "PARALLEL 50 OHM WITH CALIBRATION" -to HPS_DDR3_DQ[4] -entity DE1_SoC was ignored
    Warning (20014): Assignment for entity set_instance_assignment -name INPUT_TERMINATION "PARALLEL 50 OHM WITH CALIBRATION" -to HPS_DDR3_DQ[5] -entity DE1_SoC was ignored
    Warning (20014): Assignment for entity set_instance_assignment -name INPUT_TERMINATION "PARALLEL 50 OHM WITH CALIBRATION" -to HPS_DDR3_DQ[6] -entity DE1_SoC was ignored
    Warning (20014): Assignment for entity set_instance_assignment -name INPUT_TERMINATION "PARALLEL 50 OHM WITH CALIBRATION" -to HPS_DDR3_DQ[7] -entity DE1_SoC was ignored
    Warning (20014): Assignment for entity set_instance_assignment -name INPUT_TERMINATION "PARALLEL 50 OHM WITH CALIBRATION" -to HPS_DDR3_DQ[8] -entity DE1_SoC was ignored
    Warning (20014): Assignment for entity set_instance_assignment -name INPUT_TERMINATION "PARALLEL 50 OHM WITH CALIBRATION" -to HPS_DDR3_DQ[9] -entity DE1_SoC was ignored
    Warning (20014): Assignment for entity set_instance_assignment -name OUTPUT_TERMINATION "SERIES 50 OHM WITHOUT CALIBRATION" -to HPS_DDR3_CK_N -entity DE1_SoC was ignored
    Warning (20014): Assignment for entity set_instance_assignment -name OUTPUT_TERMINATION "SERIES 50 OHM WITHOUT CALIBRATION" -to HPS_DDR3_CK_P -entity DE1_SoC was ignored
    Warning (20014): Assignment for entity set_instance_assignment -name OUTPUT_TERMINATION "SERIES 50 OHM WITH CALIBRATION" -to HPS_DDR3_DM[0] -entity DE1_SoC was ignored
    Warning (20014): Assignment for entity set_instance_assignment -name OUTPUT_TERMINATION "SERIES 50 OHM WITH CALIBRATION" -to HPS_DDR3_DM[1] -entity DE1_SoC was ignored
    Warning (20014): Assignment for entity set_instance_assignment -name OUTPUT_TERMINATION "SERIES 50 OHM WITH CALIBRATION" -to HPS_DDR3_DM[2] -entity DE1_SoC was ignored
    Warning (20014): Assignment for entity set_instance_assignment -name OUTPUT_TERMINATION "SERIES 50 OHM WITH CALIBRATION" -to HPS_DDR3_DM[3] -entity DE1_SoC was ignored
    Warning (20014): Assignment for entity set_instance_assignment -name OUTPUT_TERMINATION "SERIES 50 OHM WITH CALIBRATION" -to HPS_DDR3_DQS_N[0] -entity DE1_SoC was ignored
    Warning (20014): Assignment for entity set_instance_assignment -name OUTPUT_TERMINATION "SERIES 50 OHM WITH CALIBRATION" -to HPS_DDR3_DQS_N[1] -entity DE1_SoC was ignored
    Warning (20014): Assignment for entity set_instance_assignment -name OUTPUT_TERMINATION "SERIES 50 OHM WITH CALIBRATION" -to HPS_DDR3_DQS_N[2] -entity DE1_SoC was ignored
    Warning (20014): Assignment for entity set_instance_assignment -name OUTPUT_TERMINATION "SERIES 50 OHM WITH CALIBRATION" -to HPS_DDR3_DQS_N[3] -entity DE1_SoC was ignored
    Warning (20014): Assignment for entity set_instance_assignment -name OUTPUT_TERMINATION "SERIES 50 OHM WITH CALIBRATION" -to HPS_DDR3_DQS_P[0] -entity DE1_SoC was ignored
    Warning (20014): Assignment for entity set_instance_assignment -name OUTPUT_TERMINATION "SERIES 50 OHM WITH CALIBRATION" -to HPS_DDR3_DQS_P[1] -entity DE1_SoC was ignored
    Warning (20014): Assignment for entity set_instance_assignment -name OUTPUT_TERMINATION "SERIES 50 OHM WITH CALIBRATION" -to HPS_DDR3_DQS_P[2] -entity DE1_SoC was ignored
    Warning (20014): Assignment for entity set_instance_assignment -name OUTPUT_TERMINATION "SERIES 50 OHM WITH CALIBRATION" -to HPS_DDR3_DQS_P[3] -entity DE1_SoC was ignored
    Warning (20014): Assignment for entity set_instance_assignment -name OUTPUT_TERMINATION "SERIES 50 OHM WITH CALIBRATION" -to HPS_DDR3_DQ[0] -entity DE1_SoC was ignored
    Warning (20014): Assignment for entity set_instance_assignment -name OUTPUT_TERMINATION "SERIES 50 OHM WITH CALIBRATION" -to HPS_DDR3_DQ[10] -entity DE1_SoC was ignored
    Warning (20014): Assignment for entity set_instance_assignment -name OUTPUT_TERMINATION "SERIES 50 OHM WITH CALIBRATION" -to HPS_DDR3_DQ[11] -entity DE1_SoC was ignored
    Warning (20014): Assignment for entity set_instance_assignment -name OUTPUT_TERMINATION "SERIES 50 OHM WITH CALIBRATION" -to HPS_DDR3_DQ[12] -entity DE1_SoC was ignored
    Warning (20014): Assignment for entity set_instance_assignment -name OUTPUT_TERMINATION "SERIES 50 OHM WITH CALIBRATION" -to HPS_DDR3_DQ[13] -entity DE1_SoC was ignored
    Warning (20014): Assignment for entity set_instance_assignment -name OUTPUT_TERMINATION "SERIES 50 OHM WITH CALIBRATION" -to HPS_DDR3_DQ[14] -entity DE1_SoC was ignored
    Warning (20014): Assignment for entity set_instance_assignment -name OUTPUT_TERMINATION "SERIES 50 OHM WITH CALIBRATION" -to HPS_DDR3_DQ[15] -entity DE1_SoC was ignored
    Warning (20014): Assignment for entity set_instance_assignment -name OUTPUT_TERMINATION "SERIES 50 OHM WITH CALIBRATION" -to HPS_DDR3_DQ[16] -entity DE1_SoC was ignored
    Warning (20014): Assignment for entity set_instance_assignment -name OUTPUT_TERMINATION "SERIES 50 OHM WITH CALIBRATION" -to HPS_DDR3_DQ[17] -entity DE1_SoC was ignored
    Warning (20014): Assignment for entity set_instance_assignment -name OUTPUT_TERMINATION "SERIES 50 OHM WITH CALIBRATION" -to HPS_DDR3_DQ[18] -entity DE1_SoC was ignored
    Warning (20014): Assignment for entity set_instance_assignment -name OUTPUT_TERMINATION "SERIES 50 OHM WITH CALIBRATION" -to HPS_DDR3_DQ[19] -entity DE1_SoC was ignored
    Warning (20014): Assignment for entity set_instance_assignment -name OUTPUT_TERMINATION "SERIES 50 OHM WITH CALIBRATION" -to HPS_DDR3_DQ[1] -entity DE1_SoC was ignored
    Warning (20014): Assignment for entity set_instance_assignment -name OUTPUT_TERMINATION "SERIES 50 OHM WITH CALIBRATION" -to HPS_DDR3_DQ[20] -entity DE1_SoC was ignored
    Warning (20014): Assignment for entity set_instance_assignment -name OUTPUT_TERMINATION "SERIES 50 OHM WITH CALIBRATION" -to HPS_DDR3_DQ[21] -entity DE1_SoC was ignored
    Warning (20014): Assignment for entity set_instance_assignment -name OUTPUT_TERMINATION "SERIES 50 OHM WITH CALIBRATION" -to HPS_DDR3_DQ[22] -entity DE1_SoC was ignored
    Warning (20014): Assignment for entity set_instance_assignment -name OUTPUT_TERMINATION "SERIES 50 OHM WITH CALIBRATION" -to HPS_DDR3_DQ[23] -entity DE1_SoC was ignored
    Warning (20014): Assignment for entity set_instance_assignment -name OUTPUT_TERMINATION "SERIES 50 OHM WITH CALIBRATION" -to HPS_DDR3_DQ[24] -entity DE1_SoC was ignored
    Warning (20014): Assignment for entity set_instance_assignment -name OUTPUT_TERMINATION "SERIES 50 OHM WITH CALIBRATION" -to HPS_DDR3_DQ[25] -entity DE1_SoC was ignored
    Warning (20014): Assignment for entity set_instance_assignment -name OUTPUT_TERMINATION "SERIES 50 OHM WITH CALIBRATION" -to HPS_DDR3_DQ[26] -entity DE1_SoC was ignored
    Warning (20014): Assignment for entity set_instance_assignment -name OUTPUT_TERMINATION "SERIES 50 OHM WITH CALIBRATION" -to HPS_DDR3_DQ[27] -entity DE1_SoC was ignored
    Warning (20014): Assignment for entity set_instance_assignment -name OUTPUT_TERMINATION "SERIES 50 OHM WITH CALIBRATION" -to HPS_DDR3_DQ[28] -entity DE1_SoC was ignored
    Warning (20014): Assignment for entity set_instance_assignment -name OUTPUT_TERMINATION "SERIES 50 OHM WITH CALIBRATION" -to HPS_DDR3_DQ[29] -entity DE1_SoC was ignored
    Warning (20014): Assignment for entity set_instance_assignment -name OUTPUT_TERMINATION "SERIES 50 OHM WITH CALIBRATION" -to HPS_DDR3_DQ[2] -entity DE1_SoC was ignored
    Warning (20014): Assignment for entity set_instance_assignment -name OUTPUT_TERMINATION "SERIES 50 OHM WITH CALIBRATION" -to HPS_DDR3_DQ[30] -entity DE1_SoC was ignored
    Warning (20014): Assignment for entity set_instance_assignment -name OUTPUT_TERMINATION "SERIES 50 OHM WITH CALIBRATION" -to HPS_DDR3_DQ[31] -entity DE1_SoC was ignored
    Warning (20014): Assignment for entity set_instance_assignment -name OUTPUT_TERMINATION "SERIES 50 OHM WITH CALIBRATION" -to HPS_DDR3_DQ[3] -entity DE1_SoC was ignored
    Warning (20014): Assignment for entity set_instance_assignment -name OUTPUT_TERMINATION "SERIES 50 OHM WITH CALIBRATION" -to HPS_DDR3_DQ[4] -entity DE1_SoC was ignored
    Warning (20014): Assignment for entity set_instance_assignment -name OUTPUT_TERMINATION "SERIES 50 OHM WITH CALIBRATION" -to HPS_DDR3_DQ[5] -entity DE1_SoC was ignored
    Warning (20014): Assignment for entity set_instance_assignment -name OUTPUT_TERMINATION "SERIES 50 OHM WITH CALIBRATION" -to HPS_DDR3_DQ[6] -entity DE1_SoC was ignored
    Warning (20014): Assignment for entity set_instance_assignment -name OUTPUT_TERMINATION "SERIES 50 OHM WITH CALIBRATION" -to HPS_DDR3_DQ[7] -entity DE1_SoC was ignored
    Warning (20014): Assignment for entity set_instance_assignment -name OUTPUT_TERMINATION "SERIES 50 OHM WITH CALIBRATION" -to HPS_DDR3_DQ[8] -entity DE1_SoC was ignored
    Warning (20014): Assignment for entity set_instance_assignment -name OUTPUT_TERMINATION "SERIES 50 OHM WITH CALIBRATION" -to HPS_DDR3_DQ[9] -entity DE1_SoC was ignored
    Warning (20014): Assignment for entity set_instance_assignment -name D5_DELAY 2 -to HPS_DDR3_CK_N -entity DE1_SoC was ignored
    Warning (20014): Assignment for entity set_instance_assignment -name D5_DELAY 2 -to HPS_DDR3_CK_P -entity DE1_SoC was ignored
Info (144001): Generated suppressed messages file C:/Users/Avery Zeiler/OneDrive/Desktop/MECHTRON 3TB4/lab5/lab5/lab5_restored/output_files/lab5.map.smsg
Info (16010): Generating hard_block partition "hard_block:auto_generated_inst"
    Info (16011): Adding 0 node(s), including 0 DDIO, 0 PLL, 0 transceiver and 0 LCELL
Info (21057): Implemented 301 device resources after synthesis - the final resource count might be different
    Info (21058): Implemented 2 input pins
    Info (21059): Implemented 14 output pins
    Info (21061): Implemented 273 logic cells
    Info (21064): Implemented 12 RAM segments
Info: Quartus Prime Analysis & Synthesis was successful. 0 errors, 612 warnings
    Info: Peak virtual memory: 4870 megabytes
    Info: Processing ended: Mon Mar 31 17:44:13 2025
    Info: Elapsed time: 00:00:14
    Info: Total CPU time (on all processors): 00:00:29


+------------------------------------------+
; Analysis & Synthesis Suppressed Messages ;
+------------------------------------------+
The suppressed messages can be found in C:/Users/Avery Zeiler/OneDrive/Desktop/MECHTRON 3TB4/lab5/lab5/lab5_restored/output_files/lab5.map.smsg.


